,train,test,parameters
0,1.0,0.8495238095238096,"[40, 236, 'distance', 'kd_tree', 'manhattan']"
1,1.0,0.8914285714285715,"[30, 30, 'distance', 'kd_tree', 'manhattan']"
2,0.9064125831820931,0.8914285714285715,"[14, 295, 'uniform', 'brute', 'manhattan']"
3,1.0,0.8923809523809524,"[21, 179, 'distance', 'brute', 'euclidean']"
4,0.8924984875983061,0.8638095238095238,"[23, 218, 'uniform', 'auto', 'manhattan']"
5,0.8960072595281308,0.8209523809523809,"[2, 201, 'uniform', 'auto', 'euclidean']"
6,1.0,0.8923809523809524,"[23, 118, 'distance', 'brute', 'euclidean']"
7,1.0,0.9057142857142857,"[8, 33, 'distance', 'brute', 'chebyshev']"
8,1.0,0.8495238095238096,"[43, 289, 'distance', 'auto', 'manhattan']"
9,1.0,0.9057142857142857,"[7, 19, 'distance', 'ball_tree', 'chebyshev']"
10,1.0,0.8638095238095239,"[34, 142, 'distance', 'kd_tree', 'manhattan']"
11,1.0,0.8638095238095239,"[7, 257, 'distance', 'ball_tree', 'manhattan']"
12,0.7083484573502722,0.7085714285714286,"[34, 217, 'uniform', 'brute', 'euclidean']"
13,0.7083484573502722,0.7085714285714286,"[36, 76, 'uniform', 'kd_tree', 'euclidean']"
14,1.0,0.8771428571428572,"[32, 104, 'distance', 'kd_tree', 'manhattan']"
15,1.0,0.8361904761904763,"[50, 214, 'distance', 'auto', 'manhattan']"
16,0.8960677555958864,0.8914285714285715,"[10, 44, 'uniform', 'kd_tree', 'euclidean']"
17,0.7083484573502722,0.7085714285714286,"[43, 11, 'uniform', 'kd_tree', 'chebyshev']"
18,0.8995160314579552,0.8771428571428572,"[18, 169, 'uniform', 'kd_tree', 'manhattan']"
19,1.0,0.8638095238095239,"[34, 124, 'distance', 'kd_tree', 'manhattan']"
20,0.8995160314579552,0.8495238095238096,"[14, 263, 'uniform', 'kd_tree', 'euclidean']"
21,0.8055051421657591,0.7933333333333333,"[32, 158, 'uniform', 'kd_tree', 'manhattan']"
22,0.8682395644283123,0.7933333333333332,"[22, 300, 'uniform', 'brute', 'euclidean']"
23,0.895946763460375,0.8914285714285715,"[24, 175, 'uniform', 'brute', 'manhattan']"
24,0.7950998185117968,0.8085714285714285,"[30, 103, 'uniform', 'auto', 'euclidean']"
25,1.0,0.8495238095238096,"[41, 1, 'distance', 'kd_tree', 'manhattan']"
26,1.0,0.8914285714285715,"[22, 87, 'distance', 'kd_tree', 'manhattan']"
27,0.8682395644283123,0.7933333333333332,"[22, 118, 'uniform', 'kd_tree', 'euclidean']"
28,1.0,0.78,"[1, 233, 'distance', 'auto', 'euclidean']"
29,1.0,0.8638095238095239,"[33, 217, 'distance', 'brute', 'euclidean']"
30,1.0,0.8495238095238096,"[41, 168, 'distance', 'brute', 'manhattan']"
31,0.8889897156684814,0.8780952380952382,"[25, 238, 'uniform', 'ball_tree', 'manhattan']"
32,1.0,0.779047619047619,"[50, 285, 'distance', 'kd_tree', 'chebyshev']"
33,1.0,0.8638095238095239,"[35, 146, 'distance', 'ball_tree', 'manhattan']"
34,0.9029643073200242,0.8495238095238096,"[21, 41, 'uniform', 'brute', 'manhattan']"
35,0.8820931639443435,0.8352380952380953,"[21, 49, 'uniform', 'ball_tree', 'euclidean']"
36,1.0,0.9057142857142857,"[20, 138, 'distance', 'auto', 'manhattan']"
37,0.7083484573502722,0.7085714285714286,"[40, 95, 'uniform', 'ball_tree', 'euclidean']"
38,0.9029038112522686,0.8638095238095238,"[19, 10, 'uniform', 'brute', 'manhattan']"
39,0.8368421052631578,0.8628571428571428,"[30, 239, 'uniform', 'brute', 'manhattan']"
40,1.0,0.8923809523809524,"[20, 3, 'distance', 'brute', 'chebyshev']"
41,0.7083484573502722,0.7085714285714286,"[35, 167, 'uniform', 'kd_tree', 'manhattan']"
42,0.868118572292801,0.8628571428571428,"[28, 76, 'uniform', 'kd_tree', 'manhattan']"
43,1.0,0.9057142857142857,"[19, 126, 'distance', 'kd_tree', 'euclidean']"
44,0.8994555353901996,0.836190476190476,"[17, 56, 'uniform', 'kd_tree', 'euclidean']"
45,1.0,0.8361904761904763,"[50, 1, 'distance', 'ball_tree', 'manhattan']"
46,0.895946763460375,0.8638095238095238,"[22, 88, 'uniform', 'kd_tree', 'manhattan']"
47,1.0,0.9057142857142857,"[16, 81, 'distance', 'auto', 'manhattan']"
48,1.0,0.78,"[1, 212, 'uniform', 'kd_tree', 'euclidean']"
49,0.9099213551119177,0.9057142857142857,"[7, 174, 'uniform', 'kd_tree', 'euclidean']"
50,0.8055051421657591,0.78,"[33, 119, 'uniform', 'ball_tree', 'manhattan']"
51,0.8889897156684814,0.8780952380952382,"[25, 206, 'uniform', 'ball_tree', 'manhattan']"
52,1.0,0.8780952380952382,"[29, 195, 'distance', 'ball_tree', 'chebyshev']"
53,1.0,0.8914285714285715,"[12, 97, 'distance', 'brute', 'manhattan']"
54,0.8821536600120993,0.8219047619047618,"[20, 111, 'uniform', 'kd_tree', 'euclidean']"
55,1.0,0.8771428571428572,"[32, 53, 'distance', 'kd_tree', 'manhattan']"
56,1.0,0.8914285714285715,"[26, 130, 'distance', 'brute', 'manhattan']"
57,1.0,0.8914285714285715,"[21, 16, 'distance', 'brute', 'manhattan']"
58,0.8889897156684814,0.8780952380952382,"[25, 33, 'uniform', 'kd_tree', 'manhattan']"
59,0.9063520871143375,0.8638095238095238,"[17, 300, 'uniform', 'brute', 'manhattan']"
60,1.0,0.8780952380952382,"[28, 1, 'distance', 'brute', 'chebyshev']"
61,1.0,0.8914285714285715,"[22, 158, 'distance', 'kd_tree', 'manhattan']"
62,1.0,0.8923809523809524,"[16, 27, 'distance', 'brute', 'chebyshev']"
63,1.0,0.9057142857142857,"[15, 81, 'distance', 'kd_tree', 'euclidean']"
64,0.9029038112522686,0.8638095238095238,"[12, 98, 'uniform', 'ball_tree', 'manhattan']"
65,0.7083484573502722,0.7085714285714286,"[50, 103, 'uniform', 'brute', 'manhattan']"
66,0.9029038112522686,0.8638095238095238,"[17, 147, 'uniform', 'auto', 'manhattan']"
67,1.0,0.9057142857142857,"[15, 89, 'distance', 'auto', 'manhattan']"
68,1.0,0.8085714285714285,"[45, 181, 'distance', 'auto', 'chebyshev']"
69,1.0,0.8209523809523809,"[1, 165, 'uniform', 'brute', 'manhattan']"
70,0.8402903811252269,0.8628571428571428,"[31, 99, 'uniform', 'ball_tree', 'manhattan']"
71,0.9029038112522686,0.8638095238095238,"[12, 186, 'uniform', 'auto', 'manhattan']"
72,0.8925589836660617,0.8638095238095238,"[13, 57, 'uniform', 'ball_tree', 'chebyshev']"
73,0.9065335753176044,0.8342857142857143,"[5, 104, 'uniform', 'brute', 'manhattan']"
74,1.0,0.9057142857142857,"[18, 177, 'distance', 'kd_tree', 'manhattan']"
75,1.0,0.8923809523809524,"[25, 124, 'distance', 'brute', 'chebyshev']"
76,0.9098608590441621,0.8904761904761905,"[15, 111, 'uniform', 'brute', 'manhattan']"
77,1.0,0.8914285714285715,"[14, 81, 'distance', 'auto', 'manhattan']"
78,0.8960072595281308,0.8504761904761905,"[20, 124, 'uniform', 'kd_tree', 'manhattan']"
79,1.0,0.8771428571428572,"[12, 300, 'distance', 'kd_tree', 'manhattan']"
80,1.0,0.8771428571428572,"[9, 26, 'distance', 'brute', 'manhattan']"
81,1.0,0.8209523809523809,"[1, 216, 'distance', 'brute', 'manhattan']"
82,1.0,0.9057142857142857,"[7, 1, 'distance', 'brute', 'chebyshev']"
83,1.0,0.9057142857142857,"[11, 163, 'distance', 'brute', 'euclidean']"
84,1.0,0.8495238095238096,"[3, 259, 'distance', 'ball_tree', 'chebyshev']"
85,0.895946763460375,0.836190476190476,"[19, 49, 'uniform', 'brute', 'euclidean']"
86,1.0,0.9057142857142857,"[8, 288, 'distance', 'auto', 'euclidean']"
87,1.0,0.9057142857142857,"[9, 108, 'distance', 'auto', 'euclidean']"
88,1.0,0.7933333333333332,"[50, 108, 'distance', 'auto', 'chebyshev']"
89,0.9064730792498488,0.8923809523809524,"[8, 121, 'uniform', 'brute', 'euclidean']"
90,1.0,0.8771428571428572,"[11, 30, 'distance', 'kd_tree', 'manhattan']"
91,0.8994555353901996,0.82,"[3, 133, 'uniform', 'kd_tree', 'manhattan']"
92,1.0,0.9057142857142857,"[15, 290, 'distance', 'kd_tree', 'manhattan']"
93,1.0,0.8209523809523809,"[1, 150, 'distance', 'brute', 'manhattan']"
94,1.0,0.8771428571428572,"[12, 178, 'distance', 'kd_tree', 'manhattan']"
95,1.0,0.8914285714285715,"[5, 300, 'distance', 'brute', 'chebyshev']"
96,1.0,0.8628571428571428,"[3, 87, 'distance', 'brute', 'euclidean']"
97,1.0,0.8076190476190476,"[2, 202, 'distance', 'kd_tree', 'manhattan']"
98,1.0,0.8771428571428572,"[13, 123, 'distance', 'brute', 'manhattan']"
99,1.0,0.862857142857143,"[3, 28, 'distance', 'kd_tree', 'chebyshev']"
100,0.9029643073200242,0.8495238095238096,"[21, 54, 'uniform', 'brute', 'manhattan']"
101,1.0,0.8495238095238096,"[46, 70, 'distance', 'auto', 'manhattan']"
102,1.0,0.8923809523809524,"[22, 36, 'distance', 'brute', 'chebyshev']"
103,1.0,0.8495238095238096,"[38, 133, 'distance', 'kd_tree', 'chebyshev']"
104,1.0,0.8771428571428572,"[29, 19, 'distance', 'auto', 'manhattan']"
105,1.0,0.8209523809523809,"[1, 29, 'uniform', 'brute', 'manhattan']"
106,1.0,0.8923809523809524,"[24, 300, 'distance', 'kd_tree', 'euclidean']"
107,0.7534785238959467,0.7085714285714286,"[28, 53, 'uniform', 'auto', 'chebyshev']"
108,0.8718693284936478,0.8647619047619048,"[19, 48, 'uniform', 'auto', 'chebyshev']"
109,0.7083484573502722,0.7085714285714286,"[37, 37, 'uniform', 'brute', 'euclidean']"
110,1.0,0.8914285714285715,"[14, 15, 'distance', 'brute', 'manhattan']"
111,0.8995160314579552,0.8914285714285715,"[24, 24, 'uniform', 'ball_tree', 'manhattan']"
112,1.0,0.8638095238095239,"[38, 252, 'distance', 'brute', 'manhattan']"
113,1.0,0.8780952380952382,"[34, 10, 'distance', 'brute', 'chebyshev']"
114,1.0,0.8638095238095239,"[37, 26, 'distance', 'kd_tree', 'manhattan']"
115,1.0,0.8638095238095239,"[32, 51, 'distance', 'brute', 'manhattan']"
116,1.0,0.8780952380952382,"[24, 79, 'distance', 'brute', 'chebyshev']"
117,0.7083484573502722,0.7085714285714286,"[50, 130, 'uniform', 'brute', 'manhattan']"
118,1.0,0.8914285714285715,"[30, 1, 'distance', 'brute', 'manhattan']"
119,0.8960072595281308,0.8495238095238096,"[21, 191, 'uniform', 'kd_tree', 'manhattan']"
120,0.878584392014519,0.8771428571428572,"[26, 98, 'uniform', 'kd_tree', 'manhattan']"
121,0.8645493042952209,0.8628571428571428,"[28, 58, 'uniform', 'brute', 'manhattan']"
122,0.8995160314579552,0.8504761904761905,"[6, 106, 'uniform', 'kd_tree', 'manhattan']"
123,1.0,0.8209523809523809,"[1, 54, 'uniform', 'kd_tree', 'manhattan']"
124,0.7083484573502722,0.7085714285714286,"[35, 5, 'uniform', 'auto', 'manhattan']"
125,0.9029643073200242,0.8914285714285715,"[12, 105, 'uniform', 'kd_tree', 'euclidean']"
126,0.9029038112522686,0.8638095238095238,"[10, 1, 'uniform', 'kd_tree', 'manhattan']"
127,1.0,0.8923809523809524,"[22, 78, 'distance', 'brute', 'chebyshev']"
128,0.8924984875983061,0.8076190476190476,"[2, 73, 'uniform', 'brute', 'manhattan']"
129,0.8994555353901996,0.8495238095238096,"[19, 115, 'uniform', 'kd_tree', 'manhattan']"
130,0.8752571082879612,0.8923809523809524,"[18, 98, 'uniform', 'brute', 'chebyshev']"
131,0.7778584392014519,0.7647619047619048,"[26, 53, 'uniform', 'kd_tree', 'chebyshev']"
132,0.7083484573502722,0.7085714285714286,"[50, 174, 'uniform', 'kd_tree', 'manhattan']"
133,0.7223835450695704,0.721904761904762,"[32, 48, 'uniform', 'kd_tree', 'chebyshev']"
134,0.8994555353901996,0.82,"[3, 144, 'uniform', 'ball_tree', 'manhattan']"
135,0.8055051421657591,0.7933333333333333,"[32, 56, 'uniform', 'kd_tree', 'manhattan']"
136,1.0,0.8495238095238096,"[38, 87, 'distance', 'kd_tree', 'chebyshev']"
137,0.7083484573502722,0.7085714285714286,"[41, 91, 'uniform', 'brute', 'manhattan']"
138,1.0,0.8923809523809524,"[25, 44, 'distance', 'brute', 'chebyshev']"
139,1.0,0.8914285714285715,"[26, 300, 'distance', 'kd_tree', 'manhattan']"
140,0.7083484573502722,0.7085714285714286,"[50, 90, 'uniform', 'ball_tree', 'manhattan']"
141,0.9098608590441621,0.8771428571428572,"[11, 54, 'uniform', 'kd_tree', 'manhattan']"
142,0.9029038112522686,0.8209523809523809,"[19, 1, 'uniform', 'kd_tree', 'manhattan']"
143,1.0,0.8638095238095239,"[38, 70, 'distance', 'kd_tree', 'euclidean']"
144,1.0,0.8923809523809524,"[26, 45, 'distance', 'kd_tree', 'euclidean']"
145,1.0,0.8495238095238096,"[41, 147, 'distance', 'ball_tree', 'euclidean']"
146,1.0,0.9057142857142857,"[19, 211, 'distance', 'auto', 'euclidean']"
147,1.0,0.9057142857142857,"[18, 158, 'distance', 'kd_tree', 'manhattan']"
148,1.0,0.8495238095238096,"[41, 81, 'distance', 'kd_tree', 'euclidean']"
149,1.0,0.9057142857142857,"[16, 183, 'distance', 'kd_tree', 'manhattan']"
150,0.8055051421657591,0.7933333333333333,"[32, 138, 'uniform', 'kd_tree', 'manhattan']"
151,1.0,0.8638095238095239,"[37, 75, 'distance', 'kd_tree', 'manhattan']"
152,1.0,0.9057142857142857,"[11, 300, 'distance', 'ball_tree', 'euclidean']"
153,1.0,0.8495238095238096,"[44, 69, 'distance', 'kd_tree', 'manhattan']"
154,1.0,0.9057142857142857,"[18, 257, 'distance', 'kd_tree', 'euclidean']"
155,1.0,0.8780952380952382,"[29, 166, 'distance', 'brute', 'chebyshev']"
156,0.7083484573502722,0.7085714285714286,"[40, 77, 'uniform', 'kd_tree', 'manhattan']"
157,1.0,0.7666666666666667,"[1, 21, 'distance', 'kd_tree', 'euclidean']"
158,0.868118572292801,0.8628571428571428,"[28, 110, 'uniform', 'kd_tree', 'manhattan']"
159,1.0,0.8495238095238096,"[42, 149, 'distance', 'ball_tree', 'euclidean']"
160,1.0,0.8914285714285715,"[28, 139, 'distance', 'brute', 'manhattan']"
161,0.9098608590441621,0.8771428571428572,"[11, 109, 'uniform', 'ball_tree', 'manhattan']"
162,1.0,0.8780952380952382,"[24, 44, 'distance', 'brute', 'chebyshev']"
163,1.0,0.8638095238095239,"[31, 174, 'distance', 'kd_tree', 'euclidean']"
164,1.0,0.8914285714285715,"[14, 178, 'distance', 'ball_tree', 'manhattan']"
165,0.8021778584392015,0.8076190476190476,"[25, 160, 'uniform', 'ball_tree', 'chebyshev']"
166,1.0,0.9057142857142857,"[18, 217, 'distance', 'auto', 'manhattan']"
167,1.0,0.9057142857142857,"[21, 116, 'distance', 'kd_tree', 'manhattan']"
168,1.0,0.8352380952380951,"[50, 185, 'distance', 'brute', 'euclidean']"
169,1.0,0.8914285714285715,"[22, 56, 'distance', 'kd_tree', 'manhattan']"
170,0.9064730792498488,0.8638095238095238,"[5, 1, 'uniform', 'auto', 'chebyshev']"
171,1.0,0.8914285714285715,"[14, 152, 'distance', 'brute', 'manhattan']"
172,1.0,0.78,"[1, 300, 'distance', 'kd_tree', 'euclidean']"
173,1.0,0.8914285714285715,"[28, 112, 'distance', 'kd_tree', 'manhattan']"
174,1.0,0.8914285714285715,"[22, 86, 'distance', 'auto', 'manhattan']"
175,1.0,0.9057142857142857,"[16, 189, 'distance', 'auto', 'chebyshev']"
176,1.0,0.78,"[1, 142, 'distance', 'auto', 'euclidean']"
177,1.0,0.8771428571428572,"[5, 62, 'distance', 'kd_tree', 'euclidean']"
178,1.0,0.9057142857142857,"[18, 118, 'distance', 'auto', 'manhattan']"
179,1.0,0.9057142857142857,"[18, 33, 'distance', 'brute', 'manhattan']"
180,1.0,0.8914285714285715,"[27, 300, 'distance', 'brute', 'manhattan']"
181,0.8471869328493649,0.8076190476190476,"[25, 109, 'uniform', 'ball_tree', 'euclidean']"
182,1.0,0.8780952380952382,"[30, 208, 'distance', 'brute', 'chebyshev']"
183,0.895946763460375,0.8914285714285715,"[24, 118, 'uniform', 'brute', 'manhattan']"
184,1.0,0.8771428571428572,"[27, 71, 'distance', 'kd_tree', 'manhattan']"
185,0.82994555353902,0.8352380952380953,"[23, 74, 'uniform', 'auto', 'chebyshev']"
186,1.0,0.8780952380952382,"[29, 180, 'distance', 'kd_tree', 'chebyshev']"
187,1.0,0.8914285714285715,"[26, 210, 'distance', 'kd_tree', 'manhattan']"
188,0.7083484573502722,0.7085714285714286,"[50, 92, 'uniform', 'kd_tree', 'euclidean']"
189,1.0,0.8495238095238096,"[43, 253, 'distance', 'brute', 'euclidean']"
190,0.9064730792498488,0.9057142857142857,"[4, 106, 'uniform', 'auto', 'chebyshev']"
191,1.0,0.8914285714285715,"[15, 241, 'distance', 'brute', 'manhattan']"
192,1.0,0.8780952380952382,"[29, 1, 'distance', 'brute', 'chebyshev']"
193,1.0,0.8638095238095239,"[37, 242, 'distance', 'brute', 'euclidean']"
194,0.8613430127041741,0.8638095238095238,"[21, 39, 'uniform', 'kd_tree', 'chebyshev']"
195,1.0,0.8914285714285715,"[20, 283, 'distance', 'brute', 'manhattan']"
196,1.0,0.8209523809523809,"[1, 151, 'distance', 'brute', 'manhattan']"
197,1.0,0.8914285714285715,"[27, 203, 'distance', 'brute', 'manhattan']"
198,1.0,0.8638095238095239,"[31, 112, 'distance', 'brute', 'manhattan']"
199,0.8891107078039926,0.8780952380952382,"[15, 99, 'uniform', 'auto', 'chebyshev']"
200,1.0,0.8771428571428572,"[11, 255, 'distance', 'brute', 'manhattan']"
201,0.8994555353901996,0.8495238095238096,"[19, 174, 'uniform', 'kd_tree', 'manhattan']"
202,1.0,0.8209523809523809,"[1, 276, 'distance', 'kd_tree', 'manhattan']"
203,0.9063520871143375,0.8638095238095238,"[17, 160, 'uniform', 'brute', 'manhattan']"
204,0.7083484573502722,0.7085714285714286,"[38, 110, 'uniform', 'kd_tree', 'manhattan']"
205,0.8856019358741681,0.8638095238095238,"[14, 111, 'uniform', 'auto', 'chebyshev']"
206,0.8437991530550514,0.821904761904762,"[24, 254, 'uniform', 'brute', 'euclidean']"
207,0.8891107078039926,0.8780952380952382,"[15, 300, 'uniform', 'kd_tree', 'chebyshev']"
208,1.0,0.8209523809523809,"[4, 145, 'distance', 'ball_tree', 'manhattan']"
209,0.8021778584392015,0.8076190476190476,"[25, 190, 'uniform', 'kd_tree', 'chebyshev']"
210,1.0,0.9057142857142857,"[17, 211, 'distance', 'kd_tree', 'manhattan']"
211,1.0,0.9057142857142857,"[20, 266, 'distance', 'kd_tree', 'euclidean']"
212,1.0,0.7933333333333332,"[50, 1, 'distance', 'brute', 'chebyshev']"
213,0.8820931639443435,0.8638095238095238,"[4, 200, 'uniform', 'kd_tree', 'manhattan']"
214,1.0,0.8771428571428572,"[29, 163, 'distance', 'ball_tree', 'manhattan']"
215,1.0,0.8771428571428572,"[13, 207, 'distance', 'kd_tree', 'manhattan']"
216,1.0,0.9057142857142857,"[21, 268, 'distance', 'kd_tree', 'manhattan']"
217,1.0,0.8638095238095239,"[38, 240, 'distance', 'brute', 'manhattan']"
218,1.0,0.8495238095238096,"[37, 214, 'distance', 'brute', 'chebyshev']"
219,1.0,0.8914285714285715,"[22, 222, 'distance', 'kd_tree', 'manhattan']"
220,0.7083484573502722,0.7085714285714286,"[37, 81, 'uniform', 'brute', 'chebyshev']"
221,0.7083484573502722,0.7085714285714286,"[35, 116, 'uniform', 'brute', 'chebyshev']"
222,0.7083484573502722,0.7085714285714286,"[42, 1, 'uniform', 'brute', 'chebyshev']"
223,0.8090139140955838,0.78,"[33, 128, 'uniform', 'brute', 'manhattan']"
224,1.0,0.8923809523809524,"[26, 137, 'distance', 'kd_tree', 'euclidean']"
225,1.0,0.8914285714285715,"[27, 157, 'distance', 'brute', 'manhattan']"
226,0.9064125831820931,0.836190476190476,"[15, 73, 'uniform', 'auto', 'euclidean']"
227,0.8021778584392015,0.8076190476190476,"[25, 105, 'uniform', 'kd_tree', 'chebyshev']"
228,1.0,0.8914285714285715,"[8, 216, 'distance', 'kd_tree', 'chebyshev']"
229,1.0,0.8085714285714285,"[1, 164, 'distance', 'kd_tree', 'chebyshev']"
230,0.8055051421657591,0.7933333333333333,"[32, 196, 'uniform', 'kd_tree', 'manhattan']"
231,0.7674531155474893,0.7085714285714285,"[29, 300, 'uniform', 'kd_tree', 'chebyshev']"
232,0.9064730792498488,0.9057142857142857,"[6, 105, 'uniform', 'brute', 'chebyshev']"
233,0.7083484573502722,0.7085714285714286,"[50, 45, 'uniform', 'brute', 'chebyshev']"
234,1.0,0.8638095238095239,"[36, 133, 'distance', 'ball_tree', 'manhattan']"
235,0.7361766485178463,0.7228571428571429,"[30, 140, 'uniform', 'kd_tree', 'chebyshev']"
236,0.7083484573502722,0.7085714285714286,"[38, 153, 'uniform', 'kd_tree', 'manhattan']"
237,0.8925589836660617,0.8923809523809524,"[15, 160, 'uniform', 'brute', 'chebyshev']"
238,0.854325468844525,0.8209523809523809,"[23, 188, 'uniform', 'brute', 'chebyshev']"
239,1.0,0.8361904761904763,"[47, 152, 'distance', 'kd_tree', 'manhattan']"
240,0.7083484573502722,0.7085714285714286,"[50, 70, 'uniform', 'kd_tree', 'manhattan']"
241,0.8889897156684814,0.8780952380952382,"[25, 97, 'uniform', 'kd_tree', 'manhattan']"
242,0.7083484573502722,0.7085714285714286,"[36, 9, 'uniform', 'kd_tree', 'chebyshev']"
243,1.0,0.9057142857142857,"[15, 53, 'distance', 'kd_tree', 'manhattan']"
244,1.0,0.8923809523809524,"[26, 115, 'distance', 'kd_tree', 'euclidean']"
245,1.0,0.8914285714285715,"[22, 227, 'distance', 'kd_tree', 'manhattan']"
246,1.0,0.8914285714285715,"[17, 1, 'distance', 'auto', 'euclidean']"
247,1.0,0.8923809523809524,"[23, 59, 'distance', 'kd_tree', 'euclidean']"
248,0.8021778584392015,0.8076190476190476,"[25, 268, 'uniform', 'kd_tree', 'chebyshev']"
249,1.0,0.8771428571428572,"[9, 184, 'distance', 'kd_tree', 'manhattan']"
250,0.7918330308529946,0.7514285714285714,"[27, 154, 'uniform', 'auto', 'chebyshev']"
251,0.8889897156684814,0.8780952380952382,"[25, 300, 'uniform', 'kd_tree', 'manhattan']"
252,1.0,0.8209523809523809,"[1, 198, 'uniform', 'kd_tree', 'manhattan']"
253,1.0,0.8914285714285715,"[26, 38, 'distance', 'kd_tree', 'manhattan']"
254,0.7083484573502722,0.7085714285714286,"[40, 116, 'uniform', 'ball_tree', 'manhattan']"
255,1.0,0.8923809523809524,"[23, 174, 'distance', 'brute', 'chebyshev']"
256,0.9098608590441621,0.8771428571428572,"[11, 120, 'uniform', 'kd_tree', 'manhattan']"
257,0.8925589836660617,0.8638095238095238,"[13, 191, 'uniform', 'kd_tree', 'chebyshev']"
258,1.0,0.8923809523809524,"[24, 97, 'distance', 'auto', 'euclidean']"
259,0.7083484573502722,0.7085714285714286,"[44, 113, 'uniform', 'kd_tree', 'manhattan']"
260,1.0,0.8361904761904763,"[50, 172, 'distance', 'kd_tree', 'manhattan']"
261,0.8960072595281308,0.8495238095238096,"[21, 126, 'uniform', 'kd_tree', 'manhattan']"
262,1.0,0.8209523809523809,"[1, 172, 'distance', 'kd_tree', 'manhattan']"
263,1.0,0.9057142857142857,"[17, 98, 'distance', 'ball_tree', 'manhattan']"
264,0.7569872958257713,0.7085714285714286,"[28, 188, 'uniform', 'kd_tree', 'chebyshev']"
265,0.7399274047186932,0.7361904761904763,"[32, 296, 'uniform', 'kd_tree', 'euclidean']"
266,1.0,0.8780952380952382,"[29, 104, 'distance', 'brute', 'euclidean']"
267,1.0,0.8638095238095239,"[36, 95, 'distance', 'kd_tree', 'euclidean']"
268,0.7083484573502722,0.7085714285714286,"[42, 212, 'uniform', 'kd_tree', 'manhattan']"
269,0.8368421052631578,0.8628571428571428,"[30, 212, 'uniform', 'brute', 'manhattan']"
270,0.7083484573502722,0.7085714285714286,"[37, 1, 'uniform', 'auto', 'chebyshev']"
271,0.8889897156684814,0.8780952380952382,"[25, 249, 'uniform', 'kd_tree', 'manhattan']"
272,0.8089534180278282,0.7933333333333333,"[24, 251, 'uniform', 'ball_tree', 'chebyshev']"
273,1.0,0.8923809523809524,"[22, 127, 'distance', 'ball_tree', 'chebyshev']"
274,0.8856019358741681,0.8638095238095239,"[26, 155, 'uniform', 'brute', 'manhattan']"
275,1.0,0.8780952380952382,"[28, 131, 'distance', 'brute', 'chebyshev']"
276,0.9030248033877797,0.8914285714285715,"[6, 128, 'uniform', 'kd_tree', 'chebyshev']"
277,0.8021778584392015,0.8076190476190476,"[25, 101, 'uniform', 'kd_tree', 'chebyshev']"
278,1.0,0.9057142857142857,"[20, 131, 'distance', 'auto', 'manhattan']"
279,1.0,0.8638095238095239,"[31, 300, 'distance', 'kd_tree', 'manhattan']"
280,1.0,0.8361904761904763,"[50, 177, 'distance', 'ball_tree', 'manhattan']"
281,1.0,0.8771428571428572,"[27, 154, 'distance', 'kd_tree', 'manhattan']"
282,1.0,0.8771428571428572,"[11, 291, 'distance', 'kd_tree', 'manhattan']"
283,0.878584392014519,0.8504761904761905,"[27, 143, 'uniform', 'kd_tree', 'manhattan']"
284,1.0,0.9057142857142857,"[21, 150, 'distance', 'kd_tree', 'manhattan']"
285,0.7674531155474893,0.7085714285714285,"[29, 129, 'uniform', 'ball_tree', 'chebyshev']"
286,0.8298245614035087,0.836190476190476,"[29, 132, 'uniform', 'brute', 'euclidean']"
287,1.0,0.8923809523809524,"[22, 184, 'distance', 'ball_tree', 'euclidean']"
288,1.0,0.8209523809523809,"[1, 108, 'distance', 'brute', 'manhattan']"
289,1.0,0.8638095238095239,"[33, 74, 'distance', 'brute', 'manhattan']"
290,0.9029038112522686,0.8638095238095238,"[12, 178, 'uniform', 'ball_tree', 'manhattan']"
291,0.8924984875983061,0.8638095238095238,"[23, 300, 'uniform', 'ball_tree', 'manhattan']"
292,0.7083484573502722,0.7085714285714286,"[38, 1, 'uniform', 'kd_tree', 'manhattan']"
293,1.0,0.8771428571428572,"[29, 193, 'distance', 'kd_tree', 'manhattan']"
294,0.9029038112522686,0.8638095238095238,"[12, 248, 'uniform', 'auto', 'manhattan']"
295,1.0,0.9057142857142857,"[17, 112, 'distance', 'kd_tree', 'manhattan']"
296,1.0,0.9057142857142857,"[21, 181, 'distance', 'ball_tree', 'manhattan']"
297,0.8090139140955838,0.78,"[33, 157, 'uniform', 'brute', 'manhattan']"
298,1.0,0.8923809523809524,"[27, 149, 'distance', 'brute', 'chebyshev']"
299,1.0,0.9057142857142857,"[24, 187, 'distance', 'brute', 'manhattan']"
300,1.0,0.8361904761904763,"[50, 73, 'distance', 'ball_tree', 'manhattan']"
301,1.0,0.9057142857142857,"[23, 175, 'distance', 'kd_tree', 'manhattan']"
302,0.868118572292801,0.8628571428571428,"[28, 300, 'uniform', 'kd_tree', 'manhattan']"
303,0.8055051421657591,0.7933333333333333,"[32, 84, 'uniform', 'kd_tree', 'manhattan']"
304,1.0,0.8638095238095239,"[31, 72, 'distance', 'kd_tree', 'euclidean']"
305,0.7083484573502722,0.7085714285714286,"[39, 75, 'uniform', 'brute', 'chebyshev']"
306,0.8994555353901996,0.8771428571428572,"[15, 104, 'uniform', 'kd_tree', 'manhattan']"
307,1.0,0.8923809523809524,"[26, 137, 'distance', 'ball_tree', 'euclidean']"
308,1.0,0.8209523809523809,"[1, 64, 'distance', 'brute', 'manhattan']"
309,1.0,0.9057142857142857,"[20, 22, 'distance', 'kd_tree', 'manhattan']"
310,0.9098608590441621,0.8771428571428572,"[11, 199, 'uniform', 'ball_tree', 'manhattan']"
311,0.8820326678765881,0.8361904761904763,"[27, 130, 'uniform', 'brute', 'manhattan']"
312,1.0,0.8914285714285715,"[20, 1, 'distance', 'auto', 'manhattan']"
313,0.878584392014519,0.8504761904761905,"[27, 73, 'uniform', 'kd_tree', 'manhattan']"
314,0.7326678765880218,0.7228571428571429,"[31, 160, 'uniform', 'kd_tree', 'chebyshev']"
315,0.895946763460375,0.8638095238095238,"[22, 118, 'uniform', 'kd_tree', 'manhattan']"
316,1.0,0.8638095238095239,"[33, 119, 'distance', 'ball_tree', 'manhattan']"
317,1.0,0.8495238095238096,"[43, 203, 'distance', 'brute', 'manhattan']"
318,1.0,0.9057142857142857,"[18, 103, 'distance', 'kd_tree', 'manhattan']"
319,0.8611010284331518,0.8771428571428572,"[29, 59, 'uniform', 'brute', 'manhattan']"
320,0.7083484573502722,0.7085714285714286,"[39, 152, 'uniform', 'kd_tree', 'manhattan']"
321,0.8960072595281308,0.8495238095238096,"[23, 77, 'uniform', 'brute', 'manhattan']"
322,1.0,0.9057142857142857,"[17, 300, 'distance', 'kd_tree', 'manhattan']"
323,1.0,0.9057142857142857,"[19, 55, 'distance', 'brute', 'manhattan']"
324,1.0,0.8914285714285715,"[10, 146, 'distance', 'kd_tree', 'manhattan']"
325,0.7083484573502722,0.7085714285714286,"[50, 53, 'uniform', 'auto', 'chebyshev']"
326,0.9064730792498488,0.8771428571428572,"[7, 119, 'uniform', 'ball_tree', 'manhattan']"
327,0.8229280096793709,0.836190476190476,"[28, 162, 'uniform', 'ball_tree', 'euclidean']"
328,1.0,0.8771428571428572,"[8, 45, 'distance', 'kd_tree', 'manhattan']"
329,1.0,0.9057142857142857,"[17, 27, 'distance', 'kd_tree', 'manhattan']"
330,0.8994555353901996,0.8771428571428572,"[15, 245, 'uniform', 'kd_tree', 'manhattan']"
331,1.0,0.9057142857142857,"[16, 214, 'distance', 'kd_tree', 'chebyshev']"
332,1.0,0.8209523809523809,"[1, 59, 'distance', 'auto', 'manhattan']"
333,0.770961887477314,0.7238095238095238,"[26, 26, 'uniform', 'ball_tree', 'chebyshev']"
334,0.8681790683605566,0.8771428571428572,"[29, 1, 'uniform', 'ball_tree', 'manhattan']"
335,0.895946763460375,0.8638095238095238,"[22, 138, 'uniform', 'ball_tree', 'manhattan']"
336,0.9029038112522686,0.8638095238095238,"[12, 155, 'uniform', 'kd_tree', 'manhattan']"
337,1.0,0.9057142857142857,"[15, 88, 'distance', 'kd_tree', 'manhattan']"
338,0.9029038112522686,0.8638095238095238,"[12, 60, 'uniform', 'kd_tree', 'manhattan']"
339,0.878584392014519,0.8504761904761905,"[27, 83, 'uniform', 'kd_tree', 'manhattan']"
340,1.0,0.8361904761904763,"[50, 211, 'distance', 'brute', 'manhattan']"
341,1.0,0.8771428571428572,"[11, 112, 'distance', 'ball_tree', 'manhattan']"
342,1.0,0.9057142857142857,"[15, 300, 'distance', 'kd_tree', 'manhattan']"
343,1.0,0.8914285714285715,"[15, 69, 'distance', 'brute', 'manhattan']"
344,1.0,0.8085714285714285,"[1, 237, 'uniform', 'brute', 'chebyshev']"
345,0.8611010284331518,0.8771428571428572,"[29, 122, 'uniform', 'brute', 'manhattan']"
346,1.0,0.8771428571428572,"[29, 139, 'distance', 'auto', 'manhattan']"
347,0.9029643073200242,0.8914285714285715,"[12, 194, 'uniform', 'ball_tree', 'euclidean']"
348,0.8889897156684814,0.8780952380952382,"[25, 87, 'uniform', 'ball_tree', 'manhattan']"
349,0.8889897156684814,0.8780952380952382,"[25, 80, 'uniform', 'ball_tree', 'manhattan']"
350,0.8995160314579552,0.8638095238095238,"[22, 263, 'uniform', 'brute', 'manhattan']"
351,1.0,0.8914285714285715,"[8, 152, 'distance', 'ball_tree', 'chebyshev']"
352,0.7153660012099213,0.721904761904762,"[33, 106, 'uniform', 'auto', 'chebyshev']"
353,1.0,0.8638095238095239,"[31, 116, 'distance', 'ball_tree', 'chebyshev']"
354,0.7083484573502722,0.7085714285714286,"[37, 1, 'uniform', 'brute', 'manhattan']"
355,1.0,0.8771428571428572,"[29, 132, 'distance', 'auto', 'manhattan']"
356,0.8925589836660617,0.8638095238095238,"[13, 209, 'uniform', 'kd_tree', 'chebyshev']"
357,0.8924984875983061,0.8209523809523809,"[2, 52, 'uniform', 'ball_tree', 'manhattan']"
358,1.0,0.9057142857142857,"[20, 117, 'distance', 'kd_tree', 'manhattan']"
359,1.0,0.8638095238095239,"[34, 281, 'distance', 'brute', 'manhattan']"
360,1.0,0.8076190476190476,"[49, 202, 'distance', 'brute', 'chebyshev']"
361,0.8960072595281308,0.8504761904761905,"[20, 82, 'uniform', 'kd_tree', 'manhattan']"
362,0.8471869328493649,0.8076190476190476,"[25, 61, 'uniform', 'kd_tree', 'euclidean']"
363,1.0,0.9057142857142857,"[20, 109, 'distance', 'kd_tree', 'manhattan']"
364,0.878584392014519,0.8771428571428572,"[26, 273, 'uniform', 'kd_tree', 'manhattan']"
365,1.0,0.8209523809523809,"[1, 153, 'distance', 'kd_tree', 'manhattan']"
366,0.8891107078039926,0.8780952380952382,"[19, 36, 'uniform', 'brute', 'chebyshev']"
367,0.9063520871143375,0.836190476190476,"[17, 154, 'uniform', 'brute', 'euclidean']"
368,0.8751966122202056,0.8628571428571428,"[29, 131, 'uniform', 'kd_tree', 'manhattan']"
369,1.0,0.8914285714285715,"[17, 119, 'distance', 'kd_tree', 'euclidean']"
370,0.8994555353901996,0.836190476190476,"[16, 166, 'uniform', 'ball_tree', 'euclidean']"
371,0.8020568663036902,0.78,"[32, 1, 'uniform', 'kd_tree', 'manhattan']"
372,0.7083484573502722,0.7085714285714286,"[50, 70, 'uniform', 'kd_tree', 'manhattan']"
373,1.0,0.8914285714285715,"[13, 99, 'distance', 'ball_tree', 'chebyshev']"
374,0.8021778584392015,0.8076190476190476,"[25, 77, 'uniform', 'kd_tree', 'chebyshev']"
375,1.0,0.9057142857142857,"[16, 151, 'distance', 'auto', 'euclidean']"
376,1.0,0.8771428571428572,"[32, 300, 'distance', 'ball_tree', 'euclidean']"
377,0.8402903811252269,0.8628571428571428,"[31, 38, 'uniform', 'kd_tree', 'manhattan']"
378,1.0,0.8638095238095239,"[39, 101, 'distance', 'kd_tree', 'manhattan']"
379,1.0,0.8780952380952382,"[33, 148, 'distance', 'brute', 'chebyshev']"
380,1.0,0.8209523809523809,"[1, 300, 'distance', 'brute', 'manhattan']"
381,0.8960072595281308,0.8504761904761905,"[20, 174, 'uniform', 'auto', 'manhattan']"
382,1.0,0.8780952380952382,"[15, 240, 'distance', 'kd_tree', 'chebyshev']"
383,1.0,0.8923809523809524,"[16, 224, 'distance', 'brute', 'chebyshev']"
384,1.0,0.8495238095238096,"[41, 111, 'distance', 'kd_tree', 'manhattan']"
385,0.8856019358741681,0.8638095238095238,"[14, 56, 'uniform', 'kd_tree', 'chebyshev']"
386,0.9064730792498488,0.9199999999999999,"[9, 52, 'uniform', 'brute', 'chebyshev']"
387,0.9064730792498488,0.8771428571428572,"[7, 51, 'uniform', 'auto', 'manhattan']"
388,1.0,0.8914285714285715,"[26, 141, 'distance', 'kd_tree', 'manhattan']"
389,1.0,0.8780952380952382,"[15, 176, 'distance', 'auto', 'chebyshev']"
390,0.9064730792498488,0.8771428571428572,"[9, 123, 'uniform', 'ball_tree', 'manhattan']"
391,1.0,0.8914285714285715,"[27, 1, 'distance', 'auto', 'manhattan']"
392,1.0,0.8638095238095239,"[32, 83, 'distance', 'brute', 'manhattan']"
393,1.0,0.8209523809523809,"[3, 136, 'distance', 'brute', 'manhattan']"
394,1.0,0.8771428571428572,"[4, 219, 'distance', 'kd_tree', 'chebyshev']"
395,1.0,0.9057142857142857,"[8, 228, 'distance', 'brute', 'euclidean']"
396,1.0,0.9057142857142857,"[15, 288, 'distance', 'brute', 'euclidean']"
397,1.0,0.8361904761904763,"[50, 124, 'distance', 'brute', 'manhattan']"
398,1.0,0.8495238095238096,"[41, 159, 'distance', 'kd_tree', 'manhattan']"
399,1.0,0.8914285714285715,"[4, 67, 'distance', 'brute', 'chebyshev']"
400,1.0,0.78,"[1, 300, 'uniform', 'kd_tree', 'euclidean']"
401,0.8854809437386569,0.8352380952380953,"[21, 183, 'uniform', 'brute', 'euclidean']"
402,1.0,0.8923809523809524,"[27, 210, 'distance', 'ball_tree', 'chebyshev']"
403,0.8402903811252269,0.8628571428571428,"[30, 184, 'uniform', 'ball_tree', 'manhattan']"
404,0.7083484573502722,0.7085714285714286,"[50, 86, 'uniform', 'kd_tree', 'manhattan']"
405,0.7083484573502722,0.7085714285714286,"[43, 93, 'uniform', 'kd_tree', 'manhattan']"
406,0.8855414398064125,0.8780952380952382,"[24, 166, 'uniform', 'kd_tree', 'manhattan']"
407,0.8855414398064125,0.8780952380952382,"[24, 85, 'uniform', 'kd_tree', 'manhattan']"
408,1.0,0.8638095238095239,"[31, 175, 'distance', 'brute', 'manhattan']"
409,1.0,0.8638095238095239,"[30, 122, 'distance', 'kd_tree', 'euclidean']"
410,0.878584392014519,0.8504761904761905,"[27, 133, 'uniform', 'kd_tree', 'manhattan']"
411,1.0,0.8495238095238096,"[41, 188, 'distance', 'auto', 'manhattan']"
412,1.0,0.8914285714285715,"[26, 165, 'distance', 'kd_tree', 'manhattan']"
413,1.0,0.8638095238095239,"[33, 155, 'distance', 'kd_tree', 'manhattan']"
414,1.0,0.9057142857142857,"[16, 232, 'distance', 'ball_tree', 'manhattan']"
415,0.8856019358741681,0.8638095238095239,"[26, 216, 'uniform', 'brute', 'manhattan']"
416,1.0,0.9057142857142857,"[18, 1, 'distance', 'brute', 'euclidean']"
417,1.0,0.8495238095238096,"[43, 77, 'distance', 'kd_tree', 'euclidean']"
418,0.9064125831820931,0.8914285714285715,"[8, 203, 'uniform', 'ball_tree', 'manhattan']"
419,0.9064125831820931,0.8914285714285715,"[14, 92, 'uniform', 'kd_tree', 'manhattan']"
420,0.9064125831820931,0.8209523809523809,"[21, 1, 'uniform', 'kd_tree', 'manhattan']"
421,1.0,0.8923809523809524,"[25, 64, 'distance', 'kd_tree', 'euclidean']"
422,1.0,0.9057142857142857,"[25, 183, 'distance', 'auto', 'manhattan']"
423,1.0,0.8771428571428572,"[29, 114, 'distance', 'auto', 'manhattan']"
424,0.7083484573502722,0.7085714285714286,"[34, 300, 'uniform', 'brute', 'euclidean']"
425,0.8856624319419237,0.8923809523809524,"[17, 95, 'uniform', 'brute', 'chebyshev']"
426,0.8718693284936478,0.8647619047619048,"[19, 164, 'uniform', 'auto', 'chebyshev']"
427,0.7083484573502722,0.7085714285714286,"[47, 107, 'uniform', 'brute', 'manhattan']"
428,0.8994555353901996,0.836190476190476,"[17, 42, 'uniform', 'auto', 'euclidean']"
429,0.7083484573502722,0.7085714285714286,"[42, 45, 'uniform', 'ball_tree', 'manhattan']"
430,0.8821536600120993,0.8219047619047618,"[20, 149, 'uniform', 'kd_tree', 'euclidean']"
431,0.9064125831820931,0.8780952380952382,"[20, 167, 'uniform', 'brute', 'manhattan']"
432,0.9029643073200242,0.8495238095238096,"[21, 133, 'uniform', 'brute', 'manhattan']"
433,0.7083484573502722,0.7085714285714286,"[50, 122, 'uniform', 'kd_tree', 'euclidean']"
434,0.7083484573502722,0.7085714285714286,"[34, 121, 'uniform', 'auto', 'euclidean']"
435,0.7083484573502722,0.7085714285714286,"[37, 143, 'uniform', 'brute', 'manhattan']"
436,0.8611010284331518,0.8771428571428572,"[29, 90, 'uniform', 'auto', 'manhattan']"
437,1.0,0.78,"[1, 72, 'uniform', 'brute', 'euclidean']"
438,0.8994555353901996,0.82,"[3, 231, 'uniform', 'kd_tree', 'manhattan']"
439,1.0,0.8923809523809524,"[25, 87, 'distance', 'brute', 'euclidean']"
440,0.7083484573502722,0.7085714285714286,"[36, 1, 'uniform', 'kd_tree', 'manhattan']"
441,1.0,0.8495238095238096,"[39, 113, 'distance', 'ball_tree', 'chebyshev']"
442,0.7083484573502722,0.7085714285714286,"[35, 199, 'uniform', 'brute', 'manhattan']"
443,0.8995160314579552,0.8504761904761905,"[6, 115, 'uniform', 'auto', 'manhattan']"
444,0.8751966122202056,0.8628571428571428,"[29, 264, 'uniform', 'kd_tree', 'manhattan']"
445,0.9064125831820931,0.8923809523809524,"[11, 191, 'uniform', 'brute', 'chebyshev']"
446,0.9098003629764065,0.8076190476190476,"[2, 126, 'uniform', 'kd_tree', 'chebyshev']"
447,1.0,0.8771428571428572,"[8, 155, 'distance', 'kd_tree', 'manhattan']"
448,1.0,0.8771428571428572,"[10, 123, 'distance', 'brute', 'manhattan']"
449,1.0,0.8361904761904763,"[50, 180, 'distance', 'kd_tree', 'manhattan']"
450,1.0,0.8085714285714285,"[1, 183, 'distance', 'brute', 'chebyshev']"
451,0.8820931639443435,0.8638095238095238,"[4, 163, 'uniform', 'kd_tree', 'manhattan']"
452,1.0,0.8638095238095239,"[31, 157, 'distance', 'kd_tree', 'manhattan']"
453,0.8402903811252269,0.8628571428571428,"[30, 162, 'uniform', 'kd_tree', 'manhattan']"
454,0.9029643073200242,0.8914285714285715,"[12, 200, 'uniform', 'ball_tree', 'euclidean']"
455,1.0,0.8914285714285715,"[8, 167, 'distance', 'brute', 'manhattan']"
456,0.8924984875983061,0.8209523809523809,"[2, 300, 'uniform', 'kd_tree', 'manhattan']"
457,0.7083484573502722,0.7085714285714286,"[49, 158, 'uniform', 'kd_tree', 'chebyshev']"
458,0.8924984875983061,0.8638095238095238,"[23, 173, 'uniform', 'kd_tree', 'manhattan']"
459,1.0,0.8914285714285715,"[30, 155, 'distance', 'brute', 'manhattan']"
460,0.8683605565638233,0.8228571428571427,"[21, 36, 'uniform', 'brute', 'chebyshev']"
461,0.7083484573502722,0.7085714285714286,"[40, 31, 'uniform', 'auto', 'chebyshev']"
462,0.8925589836660617,0.8923809523809524,"[15, 73, 'uniform', 'brute', 'chebyshev']"
463,0.9029643073200242,0.8495238095238096,"[21, 35, 'uniform', 'brute', 'manhattan']"
464,0.7430732002419842,0.6799999999999999,"[31, 1, 'uniform', 'kd_tree', 'chebyshev']"
465,0.8924379915305505,0.8914285714285715,"[25, 174, 'uniform', 'brute', 'manhattan']"
466,0.9029038112522686,0.8638095238095238,"[21, 21, 'uniform', 'ball_tree', 'manhattan']"
467,1.0,0.8495238095238096,"[3, 108, 'distance', 'kd_tree', 'chebyshev']"
468,1.0,0.8923809523809524,"[18, 111, 'distance', 'kd_tree', 'chebyshev']"
469,1.0,0.8771428571428572,"[11, 97, 'distance', 'kd_tree', 'manhattan']"
470,0.8753176043557168,0.8495238095238096,"[17, 106, 'uniform', 'ball_tree', 'chebyshev']"
471,0.9098608590441621,0.8904761904761905,"[15, 35, 'uniform', 'brute', 'manhattan']"
472,1.0,0.8771428571428572,"[32, 90, 'distance', 'kd_tree', 'manhattan']"
473,1.0,0.8085714285714285,"[1, 43, 'uniform', 'kd_tree', 'chebyshev']"
474,0.9029643073200242,0.8914285714285715,"[10, 182, 'uniform', 'ball_tree', 'manhattan']"
475,1.0,0.8914285714285715,"[8, 63, 'distance', 'brute', 'manhattan']"
476,1.0,0.8914285714285715,"[16, 300, 'distance', 'brute', 'manhattan']"
477,1.0,0.8352380952380951,"[50, 93, 'distance', 'kd_tree', 'euclidean']"
478,0.8960072595281308,0.8495238095238096,"[23, 110, 'uniform', 'brute', 'manhattan']"
479,0.8926194797338173,0.8914285714285715,"[9, 97, 'uniform', 'kd_tree', 'chebyshev']"
480,1.0,0.8914285714285715,"[12, 182, 'distance', 'auto', 'chebyshev']"
481,1.0,0.8771428571428572,"[12, 147, 'distance', 'auto', 'manhattan']"
482,0.8994555353901996,0.8923809523809524,"[13, 86, 'uniform', 'brute', 'chebyshev']"
483,1.0,0.8361904761904763,"[50, 144, 'distance', 'brute', 'manhattan']"
484,0.9064125831820931,0.8771428571428572,"[13, 1, 'uniform', 'brute', 'manhattan']"
485,0.8611010284331518,0.8771428571428572,"[29, 256, 'uniform', 'brute', 'manhattan']"
486,0.7083484573502722,0.7085714285714286,"[35, 82, 'uniform', 'ball_tree', 'manhattan']"
487,1.0,0.8914285714285715,"[14, 197, 'distance', 'brute', 'manhattan']"
488,0.7918330308529946,0.7514285714285714,"[27, 175, 'uniform', 'ball_tree', 'chebyshev']"
489,1.0,0.8209523809523809,"[1, 121, 'uniform', 'auto', 'manhattan']"
490,0.7083484573502722,0.7085714285714286,"[37, 192, 'uniform', 'brute', 'chebyshev']"
491,0.7083484573502722,0.7085714285714286,"[34, 69, 'uniform', 'auto', 'manhattan']"
492,0.9029643073200242,0.8495238095238096,"[21, 138, 'uniform', 'brute', 'manhattan']"
493,0.7083484573502722,0.7085714285714286,"[37, 224, 'uniform', 'auto', 'manhattan']"
494,1.0,0.9057142857142857,"[23, 210, 'distance', 'kd_tree', 'manhattan']"
495,0.8995160314579552,0.8638095238095238,"[22, 249, 'uniform', 'brute', 'manhattan']"
496,1.0,0.8923809523809524,"[27, 156, 'distance', 'auto', 'chebyshev']"
497,1.0,0.9057142857142857,"[11, 138, 'distance', 'brute', 'euclidean']"
498,0.9029038112522686,0.8638095238095238,"[19, 300, 'uniform', 'brute', 'manhattan']"
499,1.0,0.8780952380952382,"[17, 116, 'distance', 'brute', 'chebyshev']"
500,1.0,0.9057142857142857,"[19, 300, 'distance', 'brute', 'manhattan']"
501,1.0,0.9057142857142857,"[8, 253, 'distance', 'kd_tree', 'euclidean']"
502,0.868118572292801,0.8628571428571428,"[28, 114, 'uniform', 'kd_tree', 'manhattan']"
503,1.0,0.8914285714285715,"[28, 167, 'distance', 'auto', 'manhattan']"
504,0.9063520871143375,0.8638095238095238,"[17, 116, 'uniform', 'brute', 'manhattan']"
505,1.0,0.9057142857142857,"[11, 1, 'distance', 'kd_tree', 'chebyshev']"
506,1.0,0.9057142857142857,"[16, 150, 'distance', 'kd_tree', 'chebyshev']"
507,0.8021173623714459,0.78,"[32, 204, 'uniform', 'brute', 'manhattan']"
508,0.8021778584392015,0.8076190476190476,"[25, 149, 'uniform', 'auto', 'chebyshev']"
509,0.7083484573502722,0.7085714285714286,"[36, 86, 'uniform', 'kd_tree', 'manhattan']"
510,0.8960072595281308,0.8495238095238096,"[21, 113, 'uniform', 'ball_tree', 'manhattan']"
511,0.7083484573502722,0.7085714285714286,"[50, 97, 'uniform', 'kd_tree', 'manhattan']"
512,1.0,0.8638095238095239,"[33, 46, 'distance', 'kd_tree', 'chebyshev']"
513,1.0,0.8638095238095239,"[34, 174, 'distance', 'brute', 'manhattan']"
514,1.0,0.8495238095238096,"[41, 282, 'distance', 'brute', 'chebyshev']"
515,0.7604355716878402,0.7085714285714286,"[31, 240, 'uniform', 'brute', 'chebyshev']"
516,1.0,0.8780952380952382,"[24, 32, 'distance', 'brute', 'chebyshev']"
517,1.0,0.78,"[1, 79, 'distance', 'brute', 'euclidean']"
518,1.0,0.8923809523809524,"[25, 99, 'distance', 'kd_tree', 'chebyshev']"
519,1.0,0.8771428571428572,"[30, 72, 'distance', 'brute', 'euclidean']"
520,0.7083484573502722,0.7085714285714286,"[43, 73, 'uniform', 'brute', 'chebyshev']"
521,1.0,0.8923809523809524,"[26, 300, 'distance', 'kd_tree', 'euclidean']"
522,0.7083484573502722,0.7085714285714286,"[44, 103, 'uniform', 'brute', 'manhattan']"
523,1.0,0.8771428571428572,"[29, 169, 'distance', 'brute', 'manhattan']"
524,0.8368421052631578,0.8628571428571428,"[30, 83, 'uniform', 'brute', 'manhattan']"
525,0.8856624319419237,0.836190476190476,"[15, 1, 'uniform', 'kd_tree', 'chebyshev']"
526,1.0,0.8914285714285715,"[14, 120, 'distance', 'auto', 'chebyshev']"
527,0.7083484573502722,0.7085714285714286,"[50, 172, 'uniform', 'brute', 'manhattan']"
528,0.7083484573502722,0.7085714285714286,"[42, 157, 'uniform', 'auto', 'manhattan']"
529,1.0,0.8914285714285715,"[28, 103, 'distance', 'kd_tree', 'manhattan']"
530,0.8889897156684814,0.8780952380952382,"[25, 48, 'uniform', 'ball_tree', 'manhattan']"
531,0.878584392014519,0.8504761904761905,"[27, 88, 'uniform', 'kd_tree', 'manhattan']"
532,0.7083484573502722,0.7085714285714286,"[36, 70, 'uniform', 'brute', 'chebyshev']"
533,1.0,0.8923809523809524,"[18, 56, 'distance', 'kd_tree', 'chebyshev']"
534,1.0,0.8209523809523809,"[1, 15, 'uniform', 'brute', 'manhattan']"
535,1.0,0.8923809523809524,"[23, 198, 'distance', 'brute', 'chebyshev']"
536,0.7083484573502722,0.7085714285714286,"[36, 221, 'uniform', 'brute', 'manhattan']"
537,0.7083484573502722,0.7085714285714286,"[38, 116, 'uniform', 'brute', 'euclidean']"
538,0.7118572292800968,0.7085714285714286,"[33, 27, 'uniform', 'kd_tree', 'chebyshev']"
539,0.9063520871143375,0.8638095238095238,"[17, 115, 'uniform', 'brute', 'manhattan']"
540,0.7083484573502722,0.7085714285714286,"[44, 1, 'uniform', 'brute', 'chebyshev']"
541,0.8994555353901996,0.8923809523809524,"[13, 230, 'uniform', 'brute', 'chebyshev']"
542,0.7083484573502722,0.7085714285714286,"[50, 165, 'uniform', 'auto', 'chebyshev']"
543,0.9064125831820931,0.8780952380952382,"[20, 90, 'uniform', 'brute', 'manhattan']"
544,0.8855414398064125,0.8219047619047618,"[20, 69, 'uniform', 'brute', 'euclidean']"
545,1.0,0.8914285714285715,"[28, 114, 'distance', 'kd_tree', 'manhattan']"
546,1.0,0.8914285714285715,"[26, 123, 'distance', 'auto', 'manhattan']"
547,0.9064125831820931,0.8914285714285715,"[16, 104, 'uniform', 'brute', 'manhattan']"
548,1.0,0.8209523809523809,"[1, 195, 'uniform', 'auto', 'manhattan']"
549,1.0,0.9057142857142857,"[24, 219, 'distance', 'brute', 'manhattan']"
550,0.7569872958257713,0.7085714285714286,"[28, 88, 'uniform', 'ball_tree', 'chebyshev']"
551,0.9098608590441621,0.8904761904761905,"[15, 163, 'uniform', 'brute', 'manhattan']"
552,0.7083484573502722,0.7085714285714286,"[38, 114, 'uniform', 'brute', 'manhattan']"
553,1.0,0.8923809523809524,"[22, 51, 'distance', 'kd_tree', 'chebyshev']"
554,1.0,0.8771428571428572,"[31, 3, 'distance', 'kd_tree', 'euclidean']"
555,1.0,0.8914285714285715,"[27, 227, 'distance', 'brute', 'manhattan']"
556,1.0,0.9057142857142857,"[16, 300, 'distance', 'auto', 'manhattan']"
557,1.0,0.8638095238095239,"[36, 184, 'distance', 'brute', 'euclidean']"
558,1.0,0.8638095238095239,"[32, 179, 'distance', 'brute', 'manhattan']"
559,0.843859649122807,0.821904761904762,"[27, 174, 'uniform', 'brute', 'euclidean']"
560,1.0,0.8495238095238096,"[46, 277, 'distance', 'kd_tree', 'manhattan']"
561,1.0,0.9057142857142857,"[10, 81, 'distance', 'kd_tree', 'euclidean']"
562,1.0,0.9057142857142857,"[20, 125, 'distance', 'auto', 'manhattan']"
563,0.9029038112522686,0.8780952380952382,"[18, 48, 'uniform', 'brute', 'manhattan']"
564,1.0,0.9057142857142857,"[12, 22, 'distance', 'brute', 'chebyshev']"
565,1.0,0.8638095238095239,"[37, 150, 'distance', 'brute', 'euclidean']"
566,0.8960072595281308,0.8495238095238096,"[23, 126, 'uniform', 'brute', 'manhattan']"
567,0.9064730792498488,0.8771428571428572,"[7, 57, 'uniform', 'brute', 'manhattan']"
568,1.0,0.8209523809523809,"[1, 183, 'distance', 'auto', 'manhattan']"
569,0.8645493042952209,0.8628571428571428,"[28, 228, 'uniform', 'brute', 'manhattan']"
570,0.8994555353901996,0.836190476190476,"[19, 75, 'uniform', 'kd_tree', 'euclidean']"
571,1.0,0.9057142857142857,"[19, 150, 'distance', 'brute', 'manhattan']"
572,1.0,0.8638095238095239,"[29, 110, 'distance', 'ball_tree', 'euclidean']"
573,0.8889897156684814,0.8780952380952382,"[25, 105, 'uniform', 'auto', 'manhattan']"
574,1.0,0.8352380952380951,"[50, 100, 'distance', 'ball_tree', 'euclidean']"
575,0.82994555353902,0.8352380952380953,"[23, 171, 'uniform', 'kd_tree', 'chebyshev']"
576,0.9029643073200242,0.8638095238095238,"[9, 1, 'uniform', 'brute', 'manhattan']"
577,0.8645493042952209,0.8628571428571428,"[28, 146, 'uniform', 'brute', 'manhattan']"
578,0.9064125831820931,0.8914285714285715,"[16, 300, 'uniform', 'brute', 'manhattan']"
579,1.0,0.8638095238095239,"[39, 27, 'distance', 'brute', 'manhattan']"
580,0.7083484573502722,0.7085714285714286,"[40, 300, 'uniform', 'brute', 'euclidean']"
581,1.0,0.9057142857142857,"[11, 1, 'distance', 'brute', 'euclidean']"
582,1.0,0.9057142857142857,"[8, 26, 'distance', 'brute', 'euclidean']"
583,0.9064125831820931,0.8638095238095238,"[11, 65, 'uniform', 'brute', 'manhattan']"
584,1.0,0.9057142857142857,"[9, 47, 'distance', 'brute', 'chebyshev']"
585,0.8611010284331518,0.8771428571428572,"[29, 50, 'uniform', 'brute', 'manhattan']"
586,0.8856019358741681,0.8790476190476191,"[10, 73, 'uniform', 'kd_tree', 'chebyshev']"
587,0.9029643073200242,0.8914285714285715,"[8, 64, 'uniform', 'brute', 'manhattan']"
588,0.9064730792498488,0.9057142857142857,"[8, 142, 'uniform', 'auto', 'euclidean']"
589,0.8994555353901996,0.8771428571428572,"[10, 121, 'uniform', 'brute', 'manhattan']"
590,0.8994555353901996,0.8771428571428572,"[15, 71, 'uniform', 'auto', 'manhattan']"
591,0.895946763460375,0.8914285714285715,"[24, 69, 'uniform', 'brute', 'manhattan']"
592,1.0,0.8485714285714285,"[4, 103, 'distance', 'ball_tree', 'euclidean']"
593,0.895946763460375,0.836190476190476,"[19, 83, 'uniform', 'brute', 'euclidean']"
594,1.0,0.8495238095238096,"[41, 24, 'distance', 'auto', 'manhattan']"
595,1.0,0.8914285714285715,"[26, 139, 'distance', 'auto', 'manhattan']"
596,0.895946763460375,0.836190476190476,"[19, 1, 'uniform', 'brute', 'euclidean']"
597,0.8960072595281308,0.8495238095238096,"[23, 111, 'uniform', 'brute', 'manhattan']"
598,1.0,0.78,"[1, 262, 'uniform', 'brute', 'euclidean']"
599,1.0,0.7933333333333332,"[50, 12, 'distance', 'brute', 'chebyshev']"
