,train,test,0,1,2,3,4,5,6,7,8,9,10,11,12,13,14,15,16,17,18,19,20,21,22,23
0,0.8488453661034306,0.8509730848861283,31,216,uniform,ball_tree,euclidean,0,,,,,,,,,,,,,,,,,,
1,0.9061725550435227,0.7678260869565218,2,39,uniform,ball_tree,euclidean,1,,,,,,,,,,,,,,,,,,
2,0.899720942140297,0.8452173913043477,3,225,uniform,ball_tree,euclidean,2,,,,,,,,,,,,,,,,,,
3,1.0,0.7993788819875777,1,4,uniform,ball_tree,euclidean,3,,,,,,,,,,,,,,,,,,
4,0.8560112647209422,0.8481159420289854,23,11,uniform,ball_tree,euclidean,4,,,,,,,,,,,,,,,,,,
5,0.8495673323092678,0.8481159420289854,37,207,uniform,ball_tree,euclidean,5,,,,,,,,,,,,,,,,,,
6,0.8474244751664106,0.8481159420289854,46,241,uniform,ball_tree,euclidean,6,,,,,,,,,,,,,,,,,,
7,0.8495724526369688,0.8424016563146998,48,99,uniform,ball_tree,euclidean,7,,,,,,,,,,,,,,,,,,
8,0.8481413210445469,0.8481159420289854,45,60,uniform,ball_tree,euclidean,8,,,,,,,,,,,,,,,,,,
9,0.8509984639016898,0.8452587991718425,35,261,uniform,ball_tree,euclidean,9,,,,,,,,,,,,,,,,,,
10,0.8510010240655402,0.8481159420289854,40,300,uniform,ball_tree,euclidean,0,10(s),,,,,,,,,,,,,,,,,
11,0.8481336405529953,0.8481159420289854,33,300,uniform,ball_tree,euclidean,0,11(s),,,,,,,,,,,,,,,,,
12,0.8703379416282642,0.8537888198757763,12,210,uniform,ball_tree,euclidean,0,12(s),,,,,,,,,,,,,,,,,
13,0.8488504864311315,0.8452173913043477,39,6,uniform,ball_tree,euclidean,4,13,,,,,,,,,,,,,,,,,
14,0.8653251408090117,0.859544513457557,14,9,uniform,ball_tree,euclidean,4,14,,,,,,,,,,,,,,,,,
15,0.8502867383512545,0.8452173913043477,43,299,uniform,ball_tree,euclidean,5,15,,,,,,,,,,,,,,,,,
16,0.8474193548387097,0.8452587991718425,50,238,uniform,ball_tree,euclidean,5,16,,,,,,,,,,,,,,,,,
17,0.8474193548387097,0.8452587991718425,50,300,uniform,ball_tree,euclidean,6,17,,,,,,,,,,,,,,,,,
18,0.8474193548387097,0.8452587991718425,50,86,uniform,ball_tree,euclidean,6,18,,,,,,,,,,,,,,,,,
19,0.9061725550435227,0.7678260869565218,2,31,uniform,ball_tree,euclidean,8,19,,,,,,,,,,,,,,,,,
20,0.8552944188428061,0.8480745341614906,26,63,uniform,ball_tree,euclidean,8,20,,,,,,,,,,,,,,,,,
21,0.8796466973886329,0.8681573498964804,7,15,uniform,ball_tree,euclidean,9,21,,,,,,,,,,,,,,,,,
22,0.848853046594982,0.8452173913043477,41,133,uniform,ball_tree,euclidean,9,22,,,,,,,,,,,,,,,,,
23,0.8875320020481311,0.8337474120082817,4,27,uniform,ball_tree,euclidean,2,23,,,,,,,,,,,,,,,,,
24,1.0,0.7993788819875777,1,258,uniform,ball_tree,euclidean,2,24,,,,,,,,,,,,,,,,,
25,0.8474193548387097,0.8452587991718425,50,105,uniform,ball_tree,euclidean,7,25,,,,,,,,,,,,,,,,,
26,0.8875320020481311,0.8337474120082817,4,71,uniform,ball_tree,euclidean,7,26,,,,,,,,,,,,,,,,,
27,1.0,0.7993788819875777,1,6,uniform,ball_tree,euclidean,3,27,,,,,,,,,,,,,,,,,
28,1.0,0.7993788819875777,1,4,uniform,ball_tree,euclidean,3,28,,,,,,,,,,,,,,,,,
29,0.9061725550435227,0.7678260869565218,2,73,uniform,ball_tree,euclidean,1,29,,,,,,,,,,,,,,,,,
30,0.899720942140297,0.8452173913043477,3,30,uniform,ball_tree,euclidean,1,30,,,,,,,,,,,,,,,,,
31,0.8560087045570917,0.8509316770186335,24,11,uniform,ball_tree,euclidean,4,14,31(s),,,,,,,,,,,,,,,,
32,0.8717639528929851,0.8681573498964804,10,11,uniform,ball_tree,euclidean,4,14,32(s),,,,,,,,,,,,,,,,
33,1.0,0.7993788819875777,1,5,uniform,ball_tree,euclidean,4,14,33(s),,,,,,,,,,,,,,,,
34,0.8703379416282642,0.8537888198757763,12,300,uniform,ball_tree,euclidean,0,12(s),34,,,,,,,,,,,,,,,,
35,0.8717639528929851,0.8681573498964804,10,10,uniform,ball_tree,euclidean,0,12(s),35,,,,,,,,,,,,,,,,
36,0.8796466973886329,0.8681573498964804,7,18,uniform,ball_tree,euclidean,4,14,32(s),36(s),,,,,,,,,,,,,,,
37,0.9061725550435227,0.7678260869565218,2,10,uniform,ball_tree,euclidean,4,14,32(s),37(s),,,,,,,,,,,,,,,
38,0.8875320020481311,0.8337474120082817,4,9,uniform,ball_tree,euclidean,4,14,32(s),38(s),,,,,,,,,,,,,,,
39,0.9061725550435227,0.7678260869565218,2,19,uniform,ball_tree,euclidean,0,12(s),34,39,,,,,,,,,,,,,,,
40,0.8574423963133639,0.8452587991718425,22,204,uniform,ball_tree,euclidean,0,12(s),34,40,,,,,,,,,,,,,,,
41,0.8624628776241678,0.8538302277432711,15,13,uniform,ball_tree,euclidean,4,14,32(s),41(s),,,,,,,,,,,,,,,
42,0.8703379416282642,0.8537888198757763,12,4,uniform,ball_tree,euclidean,4,14,32(s),42(s),,,,,,,,,,,,,,,
43,0.8753533026113672,0.8738716356107661,8,7,uniform,ball_tree,euclidean,4,14,32(s),43(s),,,,,,,,,,,,,,,
44,0.8509984639016898,0.8452587991718425,35,76,uniform,ball_tree,euclidean,0,12(s),34,40,44,,,,,,,,,,,,,,
45,0.8574423963133639,0.8452587991718425,22,289,uniform,ball_tree,euclidean,0,12(s),34,40,45,,,,,,,,,,,,,,
46,0.8631822836661547,0.8566459627329192,13,1,uniform,ball_tree,euclidean,4,14,32(s),43(s),46(s),,,,,,,,,,,,,,
47,0.8796466973886329,0.8681573498964804,7,12,uniform,ball_tree,euclidean,4,14,32(s),43(s),47(s),,,,,,,,,,,,,,
48,0.897567844342038,0.8595859213250516,5,7,uniform,ball_tree,euclidean,4,14,32(s),43(s),48(s),,,,,,,,,,,,,,
49,1.0,0.7993788819875777,1,6,uniform,ball_tree,euclidean,4,14,32(s),49,,,,,,,,,,,,,,,
50,0.897567844342038,0.8595859213250516,5,14,uniform,ball_tree,euclidean,4,14,32(s),50,,,,,,,,,,,,,,,
51,0.9061725550435227,0.7678260869565218,2,43,uniform,ball_tree,euclidean,0,12(s),34,40,51,,,,,,,,,,,,,,
52,0.8510010240655402,0.8481159420289854,40,300,uniform,ball_tree,euclidean,0,12(s),34,40,52,,,,,,,,,,,,,,
53,0.8552944188428061,0.8480745341614906,26,102,uniform,ball_tree,euclidean,0,12(s),34,40,44,53,,,,,,,,,,,,,
54,1.0,0.7993788819875777,1,93,uniform,ball_tree,euclidean,0,12(s),34,40,44,54,,,,,,,,,,,,,
55,0.8753533026113672,0.8738716356107661,8,12,uniform,ball_tree,euclidean,4,14,32(s),43(s),55(s),,,,,,,,,,,,,,
56,0.8667613927291347,0.859544513457557,11,4,uniform,ball_tree,euclidean,4,14,32(s),43(s),56(s),,,,,,,,,,,,,,
57,0.8667613927291347,0.859544513457557,11,4,uniform,ball_tree,euclidean,4,14,32(s),43(s),57(s),,,,,,,,,,,,,,
58,0.8703379416282642,0.8537888198757763,12,6,uniform,ball_tree,euclidean,4,14,32(s),43(s),47(s),58,,,,,,,,,,,,,
59,0.8667613927291347,0.859544513457557,11,21,uniform,ball_tree,euclidean,4,14,32(s),43(s),47(s),59,,,,,,,,,,,,,
60,0.8753533026113672,0.8738716356107661,8,10,uniform,ball_tree,euclidean,4,14,32(s),43(s),48(s),60,,,,,,,,,,,,,
61,1.0,0.7993788819875777,1,7,uniform,ball_tree,euclidean,4,14,32(s),43(s),48(s),61,,,,,,,,,,,,,
62,1.0,0.7993788819875777,1,84,uniform,ball_tree,euclidean,0,12(s),34,40,44,54,62,,,,,,,,,,,,
63,1.0,0.7993788819875777,1,168,uniform,ball_tree,euclidean,0,12(s),34,40,44,54,63,,,,,,,,,,,,
64,0.8717639528929851,0.8681573498964804,10,2,uniform,ball_tree,euclidean,4,14,32(s),43(s),64(s),,,,,,,,,,,,,,
65,1.0,0.7993788819875777,1,3,uniform,ball_tree,euclidean,4,14,32(s),43(s),65(s),,,,,,,,,,,,,,
66,0.8631822836661547,0.8566459627329192,13,10,uniform,ball_tree,euclidean,4,14,32(s),43(s),66(s),,,,,,,,,,,,,,
67,0.8689016897081412,0.8624016563146997,9,8,uniform,ball_tree,euclidean,4,14,32(s),43(s),48(s),67,,,,,,,,,,,,,
68,0.8932667690732208,0.8594616977225673,6,4,uniform,ball_tree,euclidean,4,14,32(s),43(s),48(s),68,,,,,,,,,,,,,
69,0.8689016897081412,0.8624016563146997,9,7,uniform,ball_tree,euclidean,4,14,32(s),43(s),56(s),69,,,,,,,,,,,,,
70,0.8717639528929851,0.8681573498964804,10,1,uniform,ball_tree,euclidean,4,14,32(s),43(s),56(s),70,,,,,,,,,,,,,
71,1.0,0.7993788819875777,1,7,uniform,ball_tree,euclidean,0,12(s),34,40,44,54,62,71,,,,,,,,,,,
72,1.0,0.7993788819875777,1,97,uniform,ball_tree,euclidean,0,12(s),34,40,44,54,62,72,,,,,,,,,,,
73,0.8653251408090117,0.859544513457557,14,1,uniform,ball_tree,euclidean,4,14,32(s),43(s),73(s),,,,,,,,,,,,,,
74,0.8753533026113672,0.8738716356107661,8,13,uniform,ball_tree,euclidean,4,14,32(s),43(s),74(s),,,,,,,,,,,,,,
75,0.8753533026113672,0.8738716356107661,8,1,uniform,ball_tree,euclidean,4,14,32(s),43(s),75(s),,,,,,,,,,,,,,
76,0.8667613927291347,0.859544513457557,11,1,uniform,ball_tree,euclidean,4,14,32(s),43(s),64(s),76,,,,,,,,,,,,,
77,0.8875320020481311,0.8337474120082817,4,1,uniform,ball_tree,euclidean,4,14,32(s),43(s),64(s),77,,,,,,,,,,,,,
78,0.8610240655401945,0.8509730848861283,17,12,uniform,ball_tree,euclidean,4,14,32(s),43(s),48(s),67,78,,,,,,,,,,,,
79,0.8624628776241678,0.8538302277432711,15,6,uniform,ball_tree,euclidean,4,14,32(s),43(s),48(s),67,79,,,,,,,,,,,,
80,0.897567844342038,0.8595859213250516,5,1,uniform,ball_tree,euclidean,4,14,32(s),43(s),56(s),69,80,,,,,,,,,,,,
81,0.8667613927291347,0.859544513457557,11,13,uniform,ball_tree,euclidean,4,14,32(s),43(s),56(s),69,81,,,,,,,,,,,,
82,1.0,0.7993788819875777,1,142,uniform,ball_tree,euclidean,0,12(s),34,40,44,54,62,82,,,,,,,,,,,
83,1.0,0.7993788819875777,1,94,uniform,ball_tree,euclidean,0,12(s),34,40,44,54,62,83,,,,,,,,,,,
84,0.8667613927291347,0.859544513457557,11,1,uniform,ball_tree,euclidean,4,14,32(s),43(s),84(s),,,,,,,,,,,,,,
85,0.897567844342038,0.8595859213250516,5,2,uniform,ball_tree,euclidean,4,14,32(s),43(s),85(s),,,,,,,,,,,,,,
86,0.8631822836661547,0.8566459627329192,13,2,uniform,ball_tree,euclidean,4,14,32(s),43(s),86(s),,,,,,,,,,,,,,
87,0.9061725550435227,0.7678260869565218,2,16,uniform,ball_tree,euclidean,4,14,32(s),43(s),74(s),87,,,,,,,,,,,,,
88,0.8796466973886329,0.8681573498964804,7,21,uniform,ball_tree,euclidean,4,14,32(s),43(s),74(s),88,,,,,,,,,,,,,
89,0.8689016897081412,0.8624016563146997,9,8,uniform,ball_tree,euclidean,4,14,32(s),43(s),56(s),69,81,89,,,,,,,,,,,
90,0.899720942140297,0.8452173913043477,3,6,uniform,ball_tree,euclidean,4,14,32(s),43(s),56(s),69,81,90,,,,,,,,,,,
91,1.0,0.7993788819875777,1,240,uniform,ball_tree,euclidean,0,12(s),34,40,44,54,62,82,91,,,,,,,,,,
92,1.0,0.7993788819875777,1,122,uniform,ball_tree,euclidean,0,12(s),34,40,44,54,62,82,92,,,,,,,,,,
93,0.897567844342038,0.8595859213250516,5,8,uniform,ball_tree,euclidean,4,14,32(s),43(s),93(s),,,,,,,,,,,,,,
94,0.8703379416282642,0.8537888198757763,12,9,uniform,ball_tree,euclidean,4,14,32(s),43(s),94(s),,,,,,,,,,,,,,
95,0.8717639528929851,0.8681573498964804,10,4,uniform,ball_tree,euclidean,4,14,32(s),43(s),95(s),,,,,,,,,,,,,,
96,0.8796466973886329,0.8681573498964804,7,25,uniform,ball_tree,euclidean,4,14,32(s),43(s),74(s),96,,,,,,,,,,,,,
97,0.8717639528929851,0.8681573498964804,10,22,uniform,ball_tree,euclidean,4,14,32(s),43(s),74(s),97,,,,,,,,,,,,,
98,1.0,0.7993788819875777,1,3,uniform,ball_tree,euclidean,4,14,32(s),43(s),85(s),98,,,,,,,,,,,,,
99,0.8796466973886329,0.8681573498964804,7,3,uniform,ball_tree,euclidean,4,14,32(s),43(s),85(s),99,,,,,,,,,,,,,
100,0.8796466973886329,0.8681573498964804,7,5,uniform,ball_tree,euclidean,4,14,32(s),43(s),56(s),69,81,100,,,,,,,,,,,
101,0.8646031746031746,0.8481159420289854,16,22,uniform,ball_tree,euclidean,4,14,32(s),43(s),56(s),69,81,101,,,,,,,,,,,
102,1.0,0.7993788819875777,1,136,uniform,ball_tree,euclidean,0,12(s),34,40,44,54,62,82,102,,,,,,,,,,
103,1.0,0.7993788819875777,1,67,uniform,ball_tree,euclidean,0,12(s),34,40,44,54,62,82,103,,,,,,,,,,
104,1.0,0.7993788819875777,1,32,uniform,ball_tree,euclidean,0,12(s),34,40,44,54,62,82,92,104.0,,,,,,,,,
105,1.0,0.7993788819875777,1,64,uniform,ball_tree,euclidean,0,12(s),34,40,44,54,62,82,92,105.0,,,,,,,,,
106,0.899720942140297,0.8452173913043477,3,26,uniform,ball_tree,euclidean,4,14,32(s),43(s),74(s),87,106,,,,,,,,,,,,
107,1.0,0.7993788819875777,1,23,uniform,ball_tree,euclidean,4,14,32(s),43(s),74(s),87,107,,,,,,,,,,,,
108,0.8631822836661547,0.8566459627329192,13,13,uniform,ball_tree,euclidean,4,14,32(s),43(s),108(s),,,,,,,,,,,,,,
109,0.8753533026113672,0.8738716356107661,8,9,uniform,ball_tree,euclidean,4,14,32(s),43(s),109(s),,,,,,,,,,,,,,
110,0.8703379416282642,0.8537888198757763,12,10,uniform,ball_tree,euclidean,4,14,32(s),43(s),110(s),,,,,,,,,,,,,,
111,0.8875320020481311,0.8337474120082817,4,15,uniform,ball_tree,euclidean,4,14,32(s),43(s),74(s),111,,,,,,,,,,,,,
112,0.8753533026113672,0.8738716356107661,8,17,uniform,ball_tree,euclidean,4,14,32(s),43(s),74(s),112,,,,,,,,,,,,,
113,0.8753533026113672,0.8738716356107661,8,6,uniform,ball_tree,euclidean,4,14,32(s),43(s),74(s),97,113,,,,,,,,,,,,
114,0.897567844342038,0.8595859213250516,5,9,uniform,ball_tree,euclidean,4,14,32(s),43(s),74(s),97,114,,,,,,,,,,,,
115,0.8689016897081412,0.8624016563146997,9,10,uniform,ball_tree,euclidean,4,14,32(s),43(s),93(s),115,,,,,,,,,,,,,
116,0.897567844342038,0.8595859213250516,5,4,uniform,ball_tree,euclidean,4,14,32(s),43(s),93(s),116,,,,,,,,,,,,,
117,0.899720942140297,0.8452173913043477,3,50,uniform,ball_tree,euclidean,4,14,32(s),43(s),74(s),87,106,117,,,,,,,,,,,
118,0.8875320020481311,0.8337474120082817,4,34,uniform,ball_tree,euclidean,4,14,32(s),43(s),74(s),87,106,118,,,,,,,,,,,
119,1.0,0.7993788819875777,1,124,uniform,ball_tree,euclidean,0,12(s),34,40,44,54,62,82,119,,,,,,,,,,
120,1.0,0.7993788819875777,1,256,uniform,ball_tree,euclidean,0,12(s),34,40,44,54,62,82,120,,,,,,,,,,
121,1.0,0.7993788819875777,1,83,uniform,ball_tree,euclidean,0,12(s),34,40,44,54,62,82,102,121.0,,,,,,,,,
122,1.0,0.7993788819875777,1,256,uniform,ball_tree,euclidean,0,12(s),34,40,44,54,62,82,102,122.0,,,,,,,,,
123,1.0,0.7993788819875777,1,12,uniform,ball_tree,euclidean,0,12(s),34,40,44,54,62,82,92,105.0,123.0,,,,,,,,
124,1.0,0.7993788819875777,1,87,uniform,ball_tree,euclidean,0,12(s),34,40,44,54,62,82,92,105.0,124.0,,,,,,,,
125,0.8624628776241678,0.8538302277432711,15,15,uniform,ball_tree,euclidean,4,14,32(s),43(s),74(s),125(s),,,,,,,,,,,,,
126,0.8667613927291347,0.859544513457557,11,1,uniform,ball_tree,euclidean,4,14,32(s),43(s),74(s),126(s),,,,,,,,,,,,,
127,0.8875320020481311,0.8337474120082817,4,17,uniform,ball_tree,euclidean,4,14,32(s),43(s),74(s),127(s),,,,,,,,,,,,,
128,1.0,0.7993788819875777,1,48,uniform,ball_tree,euclidean,4,14,32(s),43(s),74(s),87,106,117,128,,,,,,,,,,
129,1.0,0.7993788819875777,1,88,uniform,ball_tree,euclidean,4,14,32(s),43(s),74(s),87,106,117,129,,,,,,,,,,
130,1.0,0.7993788819875777,1,109,uniform,ball_tree,euclidean,0,12(s),34,40,44,54,62,82,120,130.0,,,,,,,,,
131,1.0,0.7993788819875777,1,289,uniform,ball_tree,euclidean,0,12(s),34,40,44,54,62,82,120,131.0,,,,,,,,,
132,1.0,0.7993788819875777,1,14,uniform,ball_tree,euclidean,0,12(s),34,40,44,54,62,82,92,105.0,123.0,132,,,,,,,
133,1.0,0.7993788819875777,1,10,uniform,ball_tree,euclidean,0,12(s),34,40,44,54,62,82,92,105.0,123.0,133,,,,,,,
134,0.8653251408090117,0.859544513457557,14,1,uniform,ball_tree,euclidean,4,14,32(s),43(s),74(s),134(s),,,,,,,,,,,,,
135,0.899720942140297,0.8452173913043477,3,7,uniform,ball_tree,euclidean,4,14,32(s),43(s),74(s),135(s),,,,,,,,,,,,,
136,0.899720942140297,0.8452173913043477,3,4,uniform,ball_tree,euclidean,4,14,32(s),43(s),74(s),136(s),,,,,,,,,,,,,
137,0.8717639528929851,0.8681573498964804,10,19,uniform,ball_tree,euclidean,4,14,32(s),43(s),74(s),137(s),,,,,,,,,,,,,
138,1.0,0.7993788819875777,1,15,uniform,ball_tree,euclidean,4,14,32(s),43(s),74(s),138(s),,,,,,,,,,,,,
139,0.8667613927291347,0.859544513457557,11,1,uniform,ball_tree,euclidean,4,14,32(s),43(s),74(s),139(s),,,,,,,,,,,,,
140,0.8875320020481311,0.8337474120082817,4,21,uniform,ball_tree,euclidean,4,14,32(s),43(s),74(s),140(s),,,,,,,,,,,,,
141,0.8689016897081412,0.8624016563146997,9,16,uniform,ball_tree,euclidean,4,14,32(s),43(s),74(s),141(s),,,,,,,,,,,,,
142,0.8932667690732208,0.8594616977225673,6,20,uniform,ball_tree,euclidean,4,14,32(s),43(s),74(s),142(s),,,,,,,,,,,,,
143,0.8646031746031746,0.8481159420289854,16,1,uniform,ball_tree,euclidean,4,14,32(s),43(s),74(s),139(s),143,,,,,,,,,,,,
144,0.8631822836661547,0.8566459627329192,13,1,uniform,ball_tree,euclidean,4,14,32(s),43(s),74(s),139(s),144,,,,,,,,,,,,
145,0.8717639528929851,0.8681573498964804,10,6,uniform,ball_tree,euclidean,4,14,32(s),43(s),74(s),145(s),,,,,,,,,,,,,
146,0.9061725550435227,0.7678260869565218,2,1,uniform,ball_tree,euclidean,4,14,32(s),43(s),74(s),146(s),,,,,,,,,,,,,
147,0.9061725550435227,0.7678260869565218,2,16,uniform,ball_tree,euclidean,4,14,32(s),43(s),74(s),147(s),,,,,,,,,,,,,
148,0.8932667690732208,0.8594616977225673,6,29,uniform,ball_tree,euclidean,4,14,32(s),43(s),74(s),141(s),148,,,,,,,,,,,,
149,1.0,0.7993788819875777,1,10,uniform,ball_tree,euclidean,4,14,32(s),43(s),74(s),141(s),149,,,,,,,,,,,,
150,0.9061725550435227,0.7678260869565218,2,9,uniform,ball_tree,euclidean,4,14,32(s),43(s),74(s),142(s),150,,,,,,,,,,,,
151,0.8717639528929851,0.8681573498964804,10,39,uniform,ball_tree,euclidean,4,14,32(s),43(s),74(s),142(s),151,,,,,,,,,,,,
152,0.8624628776241678,0.8538302277432711,15,1,uniform,ball_tree,euclidean,4,14,32(s),43(s),74(s),139(s),144,152,,,,,,,,,,,
153,0.8517127496159753,0.8509316770186335,25,1,uniform,ball_tree,euclidean,4,14,32(s),43(s),74(s),139(s),144,153,,,,,,,,,,,
154,0.8875320020481311,0.8337474120082817,4,17,uniform,ball_tree,euclidean,4,14,32(s),43(s),74(s),154(s),,,,,,,,,,,,,
155,0.8667613927291347,0.859544513457557,11,13,uniform,ball_tree,euclidean,4,14,32(s),43(s),74(s),155(s),,,,,,,,,,,,,
156,1.0,0.7993788819875777,1,22,uniform,ball_tree,euclidean,4,14,32(s),43(s),74(s),156(s),,,,,,,,,,,,,
157,0.8796466973886329,0.8681573498964804,7,8,uniform,ball_tree,euclidean,4,14,32(s),43(s),74(s),145(s),157,,,,,,,,,,,,
158,0.899720942140297,0.8452173913043477,3,8,uniform,ball_tree,euclidean,4,14,32(s),43(s),74(s),145(s),158,,,,,,,,,,,,
159,0.8624628776241678,0.8538302277432711,15,20,uniform,ball_tree,euclidean,4,14,32(s),43(s),74(s),142(s),151,159,,,,,,,,,,,
160,0.8631822836661547,0.8566459627329192,13,67,uniform,ball_tree,euclidean,4,14,32(s),43(s),74(s),142(s),151,160,,,,,,,,,,,
161,0.8717639528929851,0.8681573498964804,10,20,uniform,ball_tree,euclidean,4,14,32(s),43(s),74(s),141(s),161,,,,,,,,,,,,
162,0.899720942140297,0.8452173913043477,3,21,uniform,ball_tree,euclidean,4,14,32(s),43(s),74(s),141(s),162,,,,,,,,,,,,
163,0.8560112647209422,0.8424016563146998,21,1,uniform,ball_tree,euclidean,4,14,32(s),43(s),74(s),139(s),144,163,,,,,,,,,,,
164,0.9061725550435227,0.7678260869565218,2,1,uniform,ball_tree,euclidean,4,14,32(s),43(s),74(s),139(s),144,164,,,,,,,,,,,
165,0.9061725550435227,0.7678260869565218,2,1,uniform,ball_tree,euclidean,4,14,32(s),43(s),74(s),146(s),165,,,,,,,,,,,,
166,0.9061725550435227,0.7678260869565218,2,1,uniform,ball_tree,euclidean,4,14,32(s),43(s),74(s),146(s),166,,,,,,,,,,,,
167,0.899720942140297,0.8452173913043477,3,7,uniform,ball_tree,euclidean,4,14,32(s),43(s),74(s),142(s),150,167,,,,,,,,,,,
168,0.899720942140297,0.8452173913043477,3,2,uniform,ball_tree,euclidean,4,14,32(s),43(s),74(s),142(s),150,168,,,,,,,,,,,
169,0.8610240655401945,0.856687370600414,18,1,uniform,ball_tree,euclidean,4,14,32(s),43(s),74(s),145(s),169(s),,,,,,,,,,,,
170,0.8875320020481311,0.8337474120082817,4,6,uniform,ball_tree,euclidean,4,14,32(s),43(s),74(s),145(s),170(s),,,,,,,,,,,,
171,0.897567844342038,0.8595859213250516,5,8,uniform,ball_tree,euclidean,4,14,32(s),43(s),74(s),145(s),171(s),,,,,,,,,,,,
172,0.8796466973886329,0.8681573498964804,7,9,uniform,ball_tree,euclidean,4,14,32(s),43(s),74(s),141(s),172,,,,,,,,,,,,
173,0.9061725550435227,0.7678260869565218,2,25,uniform,ball_tree,euclidean,4,14,32(s),43(s),74(s),141(s),173,,,,,,,,,,,,
174,0.8875320020481311,0.8337474120082817,4,1,uniform,ball_tree,euclidean,4,14,32(s),43(s),74(s),142(s),150,168,174,,,,,,,,,,
175,1.0,0.7993788819875777,1,2,uniform,ball_tree,euclidean,4,14,32(s),43(s),74(s),142(s),150,168,175,,,,,,,,,,
176,1.0,0.7993788819875777,1,1,uniform,ball_tree,euclidean,4,14,32(s),43(s),74(s),146(s),165,176,,,,,,,,,,,
177,1.0,0.7993788819875777,1,1,uniform,ball_tree,euclidean,4,14,32(s),43(s),74(s),146(s),165,177,,,,,,,,,,,
178,0.8753533026113672,0.8738716356107661,8,6,uniform,ball_tree,euclidean,4,14,32(s),43(s),74(s),145(s),178(s),,,,,,,,,,,,
179,0.897567844342038,0.8595859213250516,5,3,uniform,ball_tree,euclidean,4,14,32(s),43(s),74(s),145(s),179(s),,,,,,,,,,,,
180,0.8689016897081412,0.8624016563146997,9,3,uniform,ball_tree,euclidean,4,14,32(s),43(s),74(s),145(s),180(s),,,,,,,,,,,,
181,0.8932667690732208,0.8594616977225673,6,16,uniform,ball_tree,euclidean,4,14,32(s),43(s),74(s),141(s),172,181,,,,,,,,,,,
182,0.897567844342038,0.8595859213250516,5,1,uniform,ball_tree,euclidean,4,14,32(s),43(s),74(s),141(s),172,182,,,,,,,,,,,
183,0.897567844342038,0.8595859213250516,5,7,uniform,ball_tree,euclidean,4,14,32(s),43(s),74(s),145(s),171(s),183,,,,,,,,,,,
184,0.8689016897081412,0.8624016563146997,9,3,uniform,ball_tree,euclidean,4,14,32(s),43(s),74(s),145(s),171(s),184,,,,,,,,,,,
185,1.0,0.7993788819875777,1,1,uniform,ball_tree,euclidean,4,14,32(s),43(s),74(s),142(s),150,168,174,185.0,,,,,,,,,
186,0.9061725550435227,0.7678260869565218,2,1,uniform,ball_tree,euclidean,4,14,32(s),43(s),74(s),142(s),150,168,174,186.0,,,,,,,,,
187,1.0,0.7993788819875777,1,1,uniform,ball_tree,euclidean,4,14,32(s),43(s),74(s),146(s),165,177,187,,,,,,,,,,
188,1.0,0.7993788819875777,1,1,uniform,ball_tree,euclidean,4,14,32(s),43(s),74(s),146(s),165,177,188,,,,,,,,,,
189,0.9061725550435227,0.7678260869565218,2,41,uniform,ball_tree,euclidean,4,14,32(s),43(s),74(s),141(s),173,189,,,,,,,,,,,
190,1.0,0.7993788819875777,1,35,uniform,ball_tree,euclidean,4,14,32(s),43(s),74(s),141(s),173,190,,,,,,,,,,,
191,0.8717639528929851,0.8681573498964804,10,8,uniform,ball_tree,euclidean,4,14,32(s),43(s),74(s),145(s),178(s),191(s),,,,,,,,,,,
192,0.8717639528929851,0.8681573498964804,10,8,uniform,ball_tree,euclidean,4,14,32(s),43(s),74(s),145(s),178(s),192(s),,,,,,,,,,,
193,0.8932667690732208,0.8594616977225673,6,6,uniform,ball_tree,euclidean,4,14,32(s),43(s),74(s),145(s),178(s),193(s),,,,,,,,,,,
194,0.8753533026113672,0.8738716356107661,8,1,uniform,ball_tree,euclidean,4,14,32(s),43(s),74(s),145(s),180(s),194,,,,,,,,,,,
195,1.0,0.7993788819875777,1,5,uniform,ball_tree,euclidean,4,14,32(s),43(s),74(s),145(s),180(s),195,,,,,,,,,,,
196,0.8610240655401945,0.8509730848861283,17,1,uniform,ball_tree,euclidean,4,14,32(s),43(s),74(s),145(s),171(s),184,196,,,,,,,,,,
197,0.8875320020481311,0.8337474120082817,4,2,uniform,ball_tree,euclidean,4,14,32(s),43(s),74(s),145(s),171(s),184,197,,,,,,,,,,
198,1.0,0.7993788819875777,1,4,uniform,ball_tree,euclidean,4,14,32(s),43(s),74(s),145(s),179(s),198,,,,,,,,,,,
199,1.0,0.7993788819875777,1,5,uniform,ball_tree,euclidean,4,14,32(s),43(s),74(s),145(s),179(s),199,,,,,,,,,,,
200,0.8875320020481311,0.8337474120082817,4,1,uniform,ball_tree,euclidean,4,14,32(s),43(s),74(s),141(s),172,182,200,,,,,,,,,,
201,0.8753533026113672,0.8738716356107661,8,1,uniform,ball_tree,euclidean,4,14,32(s),43(s),74(s),141(s),172,182,201,,,,,,,,,,
202,0.8753533026113672,0.8738716356107661,8,23,uniform,ball_tree,euclidean,4,14,32(s),43(s),74(s),141(s),172,181,202,,,,,,,,,,
203,0.8689016897081412,0.8624016563146997,9,26,uniform,ball_tree,euclidean,4,14,32(s),43(s),74(s),141(s),172,181,203,,,,,,,,,,
204,0.8932667690732208,0.8594616977225673,6,1,uniform,ball_tree,euclidean,4,14,32(s),43(s),74(s),142(s),150,168,174,204.0,,,,,,,,,
205,1.0,0.7993788819875777,1,1,uniform,ball_tree,euclidean,4,14,32(s),43(s),74(s),142(s),150,168,174,205.0,,,,,,,,,
206,1.0,0.7993788819875777,1,1,uniform,ball_tree,euclidean,4,14,32(s),43(s),74(s),142(s),150,168,174,185.0,206.0,,,,,,,,
207,1.0,0.7993788819875777,1,1,uniform,ball_tree,euclidean,4,14,32(s),43(s),74(s),142(s),150,168,174,185.0,207.0,,,,,,,,
208,1.0,0.7993788819875777,1,1,uniform,ball_tree,euclidean,4,14,32(s),43(s),74(s),146(s),165,177,188,208.0,,,,,,,,,
209,1.0,0.7993788819875777,1,1,uniform,ball_tree,euclidean,4,14,32(s),43(s),74(s),146(s),165,177,188,209.0,,,,,,,,,
210,0.899720942140297,0.8452173913043477,3,1,uniform,ball_tree,euclidean,4,14,32(s),43(s),74(s),142(s),150,168,174,186.0,210.0,,,,,,,,
211,1.0,0.7993788819875777,1,1,uniform,ball_tree,euclidean,4,14,32(s),43(s),74(s),142(s),150,168,174,186.0,211.0,,,,,,,,
212,0.8753533026113672,0.8738716356107661,8,6,uniform,ball_tree,euclidean,4,14,32(s),43(s),74(s),145(s),178(s),212(s),,,,,,,,,,,
213,0.8717639528929851,0.8681573498964804,10,7,uniform,ball_tree,euclidean,4,14,32(s),43(s),74(s),145(s),178(s),213(s),,,,,,,,,,,
214,0.8753533026113672,0.8738716356107661,8,4,uniform,ball_tree,euclidean,4,14,32(s),43(s),74(s),145(s),178(s),214(s),,,,,,,,,,,
215,0.8631822836661547,0.8566459627329192,13,1,uniform,ball_tree,euclidean,4,14,32(s),43(s),74(s),145(s),180(s),194,215,,,,,,,,,,
216,0.8796466973886329,0.8681573498964804,7,1,uniform,ball_tree,euclidean,4,14,32(s),43(s),74(s),145(s),180(s),194,216,,,,,,,,,,
217,0.9061725550435227,0.7678260869565218,2,1,uniform,ball_tree,euclidean,4,14,32(s),43(s),74(s),141(s),172,182,201,217.0,,,,,,,,,
218,0.8703379416282642,0.8537888198757763,12,1,uniform,ball_tree,euclidean,4,14,32(s),43(s),74(s),141(s),172,182,201,218.0,,,,,,,,,
219,1.0,0.7993788819875777,1,1,uniform,ball_tree,euclidean,4,14,32(s),43(s),74(s),145(s),178(s),191(s),219,,,,,,,,,,
220,1.0,0.7993788819875777,1,12,uniform,ball_tree,euclidean,4,14,32(s),43(s),74(s),145(s),178(s),191(s),220,,,,,,,,,,
221,0.8703379416282642,0.8537888198757763,12,8,uniform,ball_tree,euclidean,4,14,32(s),43(s),74(s),145(s),178(s),192(s),221,,,,,,,,,,
222,0.8653251408090117,0.859544513457557,14,8,uniform,ball_tree,euclidean,4,14,32(s),43(s),74(s),145(s),178(s),192(s),222,,,,,,,,,,
223,0.8689016897081412,0.8624016563146997,9,5,uniform,ball_tree,euclidean,4,14,32(s),43(s),74(s),145(s),179(s),223,,,,,,,,,,,
224,0.8875320020481311,0.8337474120082817,4,1,uniform,ball_tree,euclidean,4,14,32(s),43(s),74(s),145(s),179(s),224,,,,,,,,,,,
225,0.8717639528929851,0.8681573498964804,10,1,uniform,ball_tree,euclidean,4,14,32(s),43(s),74(s),145(s),171(s),184,196,225.0,,,,,,,,,
226,0.8703379416282642,0.8537888198757763,12,1,uniform,ball_tree,euclidean,4,14,32(s),43(s),74(s),145(s),171(s),184,196,226.0,,,,,,,,,
227,1.0,0.7993788819875777,1,2,uniform,ball_tree,euclidean,4,14,32(s),43(s),74(s),145(s),171(s),184,197,227.0,,,,,,,,,
228,0.899720942140297,0.8452173913043477,3,1,uniform,ball_tree,euclidean,4,14,32(s),43(s),74(s),145(s),171(s),184,197,228.0,,,,,,,,,
229,1.0,0.7993788819875777,1,1,uniform,ball_tree,euclidean,4,14,32(s),43(s),74(s),141(s),172,182,200,229.0,,,,,,,,,
230,0.8796466973886329,0.8681573498964804,7,1,uniform,ball_tree,euclidean,4,14,32(s),43(s),74(s),141(s),172,182,200,230.0,,,,,,,,,
231,1.0,0.7993788819875777,1,1,uniform,ball_tree,euclidean,4,14,32(s),43(s),74(s),145(s),179(s),198,231,,,,,,,,,,
232,1.0,0.7993788819875777,1,1,uniform,ball_tree,euclidean,4,14,32(s),43(s),74(s),145(s),179(s),198,232,,,,,,,,,,
233,1.0,0.7993788819875777,1,5,uniform,ball_tree,euclidean,4,14,32(s),43(s),74(s),145(s),179(s),199,233,,,,,,,,,,
234,1.0,0.7993788819875777,1,8,uniform,ball_tree,euclidean,4,14,32(s),43(s),74(s),145(s),179(s),199,234,,,,,,,,,,
235,1.0,0.7993788819875777,1,1,uniform,ball_tree,euclidean,4,14,32(s),43(s),74(s),142(s),150,168,174,185.0,206.0,235,,,,,,,
236,1.0,0.7993788819875777,1,1,uniform,ball_tree,euclidean,4,14,32(s),43(s),74(s),142(s),150,168,174,185.0,206.0,236,,,,,,,
237,1.0,0.7993788819875777,1,1,uniform,ball_tree,euclidean,4,14,32(s),43(s),74(s),146(s),165,177,188,208.0,237.0,,,,,,,,
238,1.0,0.7993788819875777,1,1,uniform,ball_tree,euclidean,4,14,32(s),43(s),74(s),146(s),165,177,188,208.0,238.0,,,,,,,,
239,0.8932667690732208,0.8594616977225673,6,7,uniform,ball_tree,euclidean,4,14,32(s),43(s),74(s),145(s),178(s),239(s),,,,,,,,,,,
240,0.8796466973886329,0.8681573498964804,7,3,uniform,ball_tree,euclidean,4,14,32(s),43(s),74(s),145(s),178(s),240(s),,,,,,,,,,,
241,0.8717639528929851,0.8681573498964804,10,7,uniform,ball_tree,euclidean,4,14,32(s),43(s),74(s),145(s),178(s),241(s),,,,,,,,,,,
242,0.8875320020481311,0.8337474120082817,4,1,uniform,ball_tree,euclidean,4,14,32(s),43(s),74(s),145(s),180(s),194,242,,,,,,,,,,
243,1.0,0.7993788819875777,1,1,uniform,ball_tree,euclidean,4,14,32(s),43(s),74(s),145(s),180(s),194,243,,,,,,,,,,
244,0.897567844342038,0.8595859213250516,5,1,uniform,ball_tree,euclidean,4,14,32(s),43(s),74(s),141(s),172,182,201,244.0,,,,,,,,,
245,0.8703379416282642,0.8537888198757763,12,1,uniform,ball_tree,euclidean,4,14,32(s),43(s),74(s),141(s),172,182,201,245.0,,,,,,,,,
246,0.8653251408090117,0.859544513457557,14,7,uniform,ball_tree,euclidean,4,14,32(s),43(s),74(s),145(s),178(s),212(s),246,,,,,,,,,,
247,0.897567844342038,0.8595859213250516,5,8,uniform,ball_tree,euclidean,4,14,32(s),43(s),74(s),145(s),178(s),212(s),247,,,,,,,,,,
248,0.899720942140297,0.8452173913043477,3,2,uniform,ball_tree,euclidean,4,14,32(s),43(s),74(s),145(s),179(s),248,,,,,,,,,,,
249,0.897567844342038,0.8595859213250516,5,2,uniform,ball_tree,euclidean,4,14,32(s),43(s),74(s),145(s),179(s),249,,,,,,,,,,,
250,0.897567844342038,0.8595859213250516,5,1,uniform,ball_tree,euclidean,4,14,32(s),43(s),74(s),145(s),171(s),184,197,228.0,250.0,,,,,,,,
251,0.899720942140297,0.8452173913043477,3,1,uniform,ball_tree,euclidean,4,14,32(s),43(s),74(s),145(s),171(s),184,197,228.0,251.0,,,,,,,,
252,1.0,0.7993788819875777,1,3,uniform,ball_tree,euclidean,4,14,32(s),43(s),74(s),145(s),171(s),184,197,227.0,252.0,,,,,,,,
253,1.0,0.7993788819875777,1,1,uniform,ball_tree,euclidean,4,14,32(s),43(s),74(s),145(s),171(s),184,197,227.0,253.0,,,,,,,,
254,1.0,0.7993788819875777,1,1,uniform,ball_tree,euclidean,4,14,32(s),43(s),74(s),141(s),172,182,200,229.0,254.0,,,,,,,,
255,1.0,0.7993788819875777,1,1,uniform,ball_tree,euclidean,4,14,32(s),43(s),74(s),141(s),172,182,200,229.0,255.0,,,,,,,,
256,1.0,0.7993788819875777,1,1,uniform,ball_tree,euclidean,4,14,32(s),43(s),74(s),142(s),150,168,174,185.0,206.0,236,256,,,,,,
257,1.0,0.7993788819875777,1,1,uniform,ball_tree,euclidean,4,14,32(s),43(s),74(s),142(s),150,168,174,185.0,206.0,236,257,,,,,,
258,0.8875320020481311,0.8337474120082817,4,1,uniform,ball_tree,euclidean,4,14,32(s),43(s),74(s),145(s),180(s),194,258(s),,,,,,,,,,
259,0.8932667690732208,0.8594616977225673,6,1,uniform,ball_tree,euclidean,4,14,32(s),43(s),74(s),145(s),180(s),194,259(s),,,,,,,,,,
260,0.8932667690732208,0.8594616977225673,6,1,uniform,ball_tree,euclidean,4,14,32(s),43(s),74(s),145(s),180(s),194,260(s),,,,,,,,,,
261,0.8689016897081412,0.8624016563146997,9,1,uniform,ball_tree,euclidean,4,14,32(s),43(s),74(s),145(s),178(s),240(s),261,,,,,,,,,,
262,1.0,0.7993788819875777,1,1,uniform,ball_tree,euclidean,4,14,32(s),43(s),74(s),145(s),178(s),240(s),262,,,,,,,,,,
263,0.897567844342038,0.8595859213250516,5,2,uniform,ball_tree,euclidean,4,14,32(s),43(s),74(s),145(s),179(s),263,,,,,,,,,,,
264,0.899720942140297,0.8452173913043477,3,5,uniform,ball_tree,euclidean,4,14,32(s),43(s),74(s),145(s),179(s),264,,,,,,,,,,,
265,0.8875320020481311,0.8337474120082817,4,1,uniform,ball_tree,euclidean,4,14,32(s),43(s),74(s),141(s),172,182,201,244.0,265.0,,,,,,,,
266,0.8796466973886329,0.8681573498964804,7,1,uniform,ball_tree,euclidean,4,14,32(s),43(s),74(s),141(s),172,182,201,244.0,266.0,,,,,,,,
267,0.8703379416282642,0.8537888198757763,12,9,uniform,ball_tree,euclidean,4,14,32(s),43(s),74(s),145(s),178(s),212(s),246,267.0,,,,,,,,,
268,0.8646031746031746,0.8481159420289854,16,7,uniform,ball_tree,euclidean,4,14,32(s),43(s),74(s),145(s),178(s),212(s),246,268.0,,,,,,,,,
269,0.9061725550435227,0.7678260869565218,2,2,uniform,ball_tree,euclidean,4,14,32(s),43(s),74(s),145(s),179(s),248,269,,,,,,,,,,
270,1.0,0.7993788819875777,1,2,uniform,ball_tree,euclidean,4,14,32(s),43(s),74(s),145(s),179(s),248,270,,,,,,,,,,
271,1.0,0.7993788819875777,1,1,uniform,ball_tree,euclidean,4,14,32(s),43(s),74(s),142(s),150,168,174,185.0,206.0,236,271,,,,,,
272,1.0,0.7993788819875777,1,1,uniform,ball_tree,euclidean,4,14,32(s),43(s),74(s),142(s),150,168,174,185.0,206.0,236,272,,,,,,
273,1.0,0.7993788819875777,1,1,uniform,ball_tree,euclidean,4,14,32(s),43(s),74(s),145(s),171(s),184,197,227.0,253.0,273,,,,,,,
274,1.0,0.7993788819875777,1,1,uniform,ball_tree,euclidean,4,14,32(s),43(s),74(s),145(s),171(s),184,197,227.0,253.0,274,,,,,,,
275,1.0,0.7993788819875777,1,1,uniform,ball_tree,euclidean,4,14,32(s),43(s),74(s),142(s),150,168,174,185.0,206.0,236,257,275.0,,,,,
276,1.0,0.7993788819875777,1,1,uniform,ball_tree,euclidean,4,14,32(s),43(s),74(s),142(s),150,168,174,185.0,206.0,236,257,276.0,,,,,
277,0.8753533026113672,0.8738716356107661,8,1,uniform,ball_tree,euclidean,4,14,32(s),43(s),74(s),145(s),180(s),194,277(s),,,,,,,,,,
278,0.8717639528929851,0.8681573498964804,10,1,uniform,ball_tree,euclidean,4,14,32(s),43(s),74(s),145(s),180(s),194,278(s),,,,,,,,,,
279,0.8689016897081412,0.8624016563146997,9,1,uniform,ball_tree,euclidean,4,14,32(s),43(s),74(s),145(s),180(s),194,279(s),,,,,,,,,,
280,0.8717639528929851,0.8681573498964804,10,5,uniform,ball_tree,euclidean,4,14,32(s),43(s),74(s),145(s),178(s),240(s),280,,,,,,,,,,
281,0.8875320020481311,0.8337474120082817,4,3,uniform,ball_tree,euclidean,4,14,32(s),43(s),74(s),145(s),178(s),240(s),281,,,,,,,,,,
282,0.8796466973886329,0.8681573498964804,7,1,uniform,ball_tree,euclidean,4,14,32(s),43(s),74(s),145(s),178(s),240(s),261,282.0,,,,,,,,,
283,0.8667613927291347,0.859544513457557,11,1,uniform,ball_tree,euclidean,4,14,32(s),43(s),74(s),145(s),178(s),240(s),261,283.0,,,,,,,,,
284,1.0,0.7993788819875777,1,2,uniform,ball_tree,euclidean,4,14,32(s),43(s),74(s),145(s),179(s),284,,,,,,,,,,,
285,0.8689016897081412,0.8624016563146997,9,2,uniform,ball_tree,euclidean,4,14,32(s),43(s),74(s),145(s),179(s),285,,,,,,,,,,,
286,0.897567844342038,0.8595859213250516,5,1,uniform,ball_tree,euclidean,4,14,32(s),43(s),74(s),141(s),172,182,201,244.0,286.0,,,,,,,,
287,0.8753533026113672,0.8738716356107661,8,1,uniform,ball_tree,euclidean,4,14,32(s),43(s),74(s),141(s),172,182,201,244.0,287.0,,,,,,,,
288,0.8667613927291347,0.859544513457557,11,1,uniform,ball_tree,euclidean,4,14,32(s),43(s),74(s),145(s),178(s),212(s),246,288.0,,,,,,,,,
289,1.0,0.7993788819875777,1,9,uniform,ball_tree,euclidean,4,14,32(s),43(s),74(s),145(s),178(s),212(s),246,289.0,,,,,,,,,
290,0.8875320020481311,0.8337474120082817,4,1,uniform,ball_tree,euclidean,4,14,32(s),43(s),74(s),145(s),180(s),194,259(s),290.0,,,,,,,,,
291,1.0,0.7993788819875777,1,1,uniform,ball_tree,euclidean,4,14,32(s),43(s),74(s),145(s),180(s),194,259(s),291.0,,,,,,,,,
292,0.9061725550435227,0.7678260869565218,2,1,uniform,ball_tree,euclidean,4,14,32(s),43(s),74(s),145(s),179(s),248,292,,,,,,,,,,
293,0.899720942140297,0.8452173913043477,3,3,uniform,ball_tree,euclidean,4,14,32(s),43(s),74(s),145(s),179(s),248,293,,,,,,,,,,
294,1.0,0.7993788819875777,1,1,uniform,ball_tree,euclidean,4,14,32(s),43(s),74(s),142(s),150,168,174,185.0,206.0,236,257,294.0,,,,,
295,1.0,0.7993788819875777,1,1,uniform,ball_tree,euclidean,4,14,32(s),43(s),74(s),142(s),150,168,174,185.0,206.0,236,257,295.0,,,,,
296,1.0,0.7993788819875777,1,1,uniform,ball_tree,euclidean,4,14,32(s),43(s),74(s),142(s),150,168,174,185.0,206.0,236,272,296.0,,,,,
297,1.0,0.7993788819875777,1,1,uniform,ball_tree,euclidean,4,14,32(s),43(s),74(s),142(s),150,168,174,185.0,206.0,236,272,297.0,,,,,
298,1.0,0.7993788819875777,1,1,uniform,ball_tree,euclidean,4,14,32(s),43(s),74(s),145(s),171(s),184,197,227.0,253.0,273,298,,,,,,
299,1.0,0.7993788819875777,1,1,uniform,ball_tree,euclidean,4,14,32(s),43(s),74(s),145(s),171(s),184,197,227.0,253.0,273,299,,,,,,
300,1.0,0.7993788819875777,1,1,uniform,ball_tree,euclidean,4,14,32(s),43(s),74(s),145(s),171(s),184,197,227.0,253.0,274,300,,,,,,
301,1.0,0.7993788819875777,1,1,uniform,ball_tree,euclidean,4,14,32(s),43(s),74(s),145(s),171(s),184,197,227.0,253.0,274,301,,,,,,
302,1.0,0.7993788819875777,1,1,uniform,ball_tree,euclidean,4,14,32(s),43(s),74(s),142(s),150,168,174,185.0,206.0,236,257,275.0,302.0,,,,
303,1.0,0.7993788819875777,1,1,uniform,ball_tree,euclidean,4,14,32(s),43(s),74(s),142(s),150,168,174,185.0,206.0,236,257,275.0,303.0,,,,
304,0.8717639528929851,0.8681573498964804,10,1,uniform,ball_tree,euclidean,4,14,32(s),43(s),74(s),145(s),180(s),194,304(s),,,,,,,,,,
305,0.8689016897081412,0.8624016563146997,9,1,uniform,ball_tree,euclidean,4,14,32(s),43(s),74(s),145(s),180(s),194,305(s),,,,,,,,,,
306,0.8689016897081412,0.8624016563146997,9,1,uniform,ball_tree,euclidean,4,14,32(s),43(s),74(s),145(s),180(s),194,306(s),,,,,,,,,,
307,0.8667613927291347,0.859544513457557,11,1,uniform,ball_tree,euclidean,4,14,32(s),43(s),74(s),145(s),180(s),194,277(s),307.0,,,,,,,,,
308,0.8689016897081412,0.8624016563146997,9,1,uniform,ball_tree,euclidean,4,14,32(s),43(s),74(s),145(s),180(s),194,277(s),308.0,,,,,,,,,
309,0.897567844342038,0.8595859213250516,5,5,uniform,ball_tree,euclidean,4,14,32(s),43(s),74(s),145(s),178(s),240(s),309,,,,,,,,,,
310,0.8932667690732208,0.8594616977225673,6,2,uniform,ball_tree,euclidean,4,14,32(s),43(s),74(s),145(s),178(s),240(s),310,,,,,,,,,,
311,0.899720942140297,0.8452173913043477,3,1,uniform,ball_tree,euclidean,4,14,32(s),43(s),74(s),145(s),178(s),240(s),261,282.0,311.0,,,,,,,,
312,0.897567844342038,0.8595859213250516,5,1,uniform,ball_tree,euclidean,4,14,32(s),43(s),74(s),145(s),178(s),240(s),261,282.0,312.0,,,,,,,,
313,0.8717639528929851,0.8681573498964804,10,1,uniform,ball_tree,euclidean,4,14,32(s),43(s),74(s),145(s),178(s),240(s),261,313.0,,,,,,,,,
314,0.8717639528929851,0.8681573498964804,10,1,uniform,ball_tree,euclidean,4,14,32(s),43(s),74(s),145(s),178(s),240(s),261,314.0,,,,,,,,,
315,0.8875320020481311,0.8337474120082817,4,1,uniform,ball_tree,euclidean,4,14,32(s),43(s),74(s),145(s),180(s),194,259(s),315.0,,,,,,,,,
316,0.8796466973886329,0.8681573498964804,7,1,uniform,ball_tree,euclidean,4,14,32(s),43(s),74(s),145(s),180(s),194,259(s),316.0,,,,,,,,,
317,0.9061725550435227,0.7678260869565218,2,3,uniform,ball_tree,euclidean,4,14,32(s),43(s),74(s),145(s),179(s),248,293,317.0,,,,,,,,,
318,0.897567844342038,0.8595859213250516,5,1,uniform,ball_tree,euclidean,4,14,32(s),43(s),74(s),145(s),179(s),248,293,318.0,,,,,,,,,
319,0.897567844342038,0.8595859213250516,5,1,uniform,ball_tree,euclidean,4,14,32(s),43(s),74(s),145(s),180(s),194,259(s),290.0,319.0,,,,,,,,
320,0.8875320020481311,0.8337474120082817,4,1,uniform,ball_tree,euclidean,4,14,32(s),43(s),74(s),145(s),180(s),194,259(s),290.0,320.0,,,,,,,,
321,1.0,0.7993788819875777,1,1,uniform,ball_tree,euclidean,4,14,32(s),43(s),74(s),142(s),150,168,174,185.0,206.0,236,272,321.0,,,,,
322,1.0,0.7993788819875777,1,1,uniform,ball_tree,euclidean,4,14,32(s),43(s),74(s),142(s),150,168,174,185.0,206.0,236,272,322.0,,,,,
323,1.0,0.7993788819875777,1,1,uniform,ball_tree,euclidean,4,14,32(s),43(s),74(s),145(s),171(s),184,197,227.0,253.0,274,323,,,,,,
324,1.0,0.7993788819875777,1,1,uniform,ball_tree,euclidean,4,14,32(s),43(s),74(s),145(s),171(s),184,197,227.0,253.0,274,324,,,,,,
325,1.0,0.7993788819875777,1,1,uniform,ball_tree,euclidean,4,14,32(s),43(s),74(s),145(s),171(s),184,197,227.0,253.0,273,298,325.0,,,,,
326,1.0,0.7993788819875777,1,1,uniform,ball_tree,euclidean,4,14,32(s),43(s),74(s),145(s),171(s),184,197,227.0,253.0,273,298,326.0,,,,,
327,1.0,0.7993788819875777,1,1,uniform,ball_tree,euclidean,4,14,32(s),43(s),74(s),145(s),171(s),184,197,227.0,253.0,274,301,327.0,,,,,
328,1.0,0.7993788819875777,1,1,uniform,ball_tree,euclidean,4,14,32(s),43(s),74(s),145(s),171(s),184,197,227.0,253.0,274,301,328.0,,,,,
329,1.0,0.7993788819875777,1,1,uniform,ball_tree,euclidean,4,14,32(s),43(s),74(s),142(s),150,168,174,185.0,206.0,236,257,275.0,302.0,329.0,,,
330,1.0,0.7993788819875777,1,1,uniform,ball_tree,euclidean,4,14,32(s),43(s),74(s),142(s),150,168,174,185.0,206.0,236,257,275.0,302.0,330.0,,,
331,0.8717639528929851,0.8681573498964804,10,2,uniform,ball_tree,euclidean,4,14,32(s),43(s),74(s),145(s),178(s),240(s),331(s),,,,,,,,,,
332,0.897567844342038,0.8595859213250516,5,2,uniform,ball_tree,euclidean,4,14,32(s),43(s),74(s),145(s),178(s),240(s),332(s),,,,,,,,,,
333,0.8875320020481311,0.8337474120082817,4,3,uniform,ball_tree,euclidean,4,14,32(s),43(s),74(s),145(s),178(s),240(s),333(s),,,,,,,,,,
334,0.8689016897081412,0.8624016563146997,9,1,uniform,ball_tree,euclidean,4,14,32(s),43(s),74(s),145(s),178(s),240(s),261,282.0,334.0,,,,,,,,
335,0.8753533026113672,0.8738716356107661,8,1,uniform,ball_tree,euclidean,4,14,32(s),43(s),74(s),145(s),178(s),240(s),261,282.0,335.0,,,,,,,,
336,0.8667613927291347,0.859544513457557,11,1,uniform,ball_tree,euclidean,4,14,32(s),43(s),74(s),145(s),180(s),194,305(s),336.0,,,,,,,,,
337,1.0,0.7993788819875777,1,1,uniform,ball_tree,euclidean,4,14,32(s),43(s),74(s),145(s),180(s),194,305(s),337.0,,,,,,,,,
338,0.8875320020481311,0.8337474120082817,4,1,uniform,ball_tree,euclidean,4,14,32(s),43(s),74(s),145(s),180(s),194,306(s),338.0,,,,,,,,,
339,0.8932667690732208,0.8594616977225673,6,1,uniform,ball_tree,euclidean,4,14,32(s),43(s),74(s),145(s),180(s),194,306(s),339.0,,,,,,,,,
340,0.899720942140297,0.8452173913043477,3,1,uniform,ball_tree,euclidean,4,14,32(s),43(s),74(s),145(s),180(s),194,259(s),290.0,319.0,340,,,,,,,
341,0.8932667690732208,0.8594616977225673,6,1,uniform,ball_tree,euclidean,4,14,32(s),43(s),74(s),145(s),180(s),194,259(s),290.0,319.0,341,,,,,,,
342,1.0,0.7993788819875777,1,1,uniform,ball_tree,euclidean,4,14,32(s),43(s),74(s),145(s),171(s),184,197,227.0,253.0,273,298,342.0,,,,,
343,1.0,0.7993788819875777,1,1,uniform,ball_tree,euclidean,4,14,32(s),43(s),74(s),145(s),171(s),184,197,227.0,253.0,273,298,343.0,,,,,
344,1.0,0.7993788819875777,1,1,uniform,ball_tree,euclidean,4,14,32(s),43(s),74(s),142(s),150,168,174,185.0,206.0,236,272,322.0,344.0,,,,
345,1.0,0.7993788819875777,1,1,uniform,ball_tree,euclidean,4,14,32(s),43(s),74(s),142(s),150,168,174,185.0,206.0,236,272,322.0,345.0,,,,
346,1.0,0.7993788819875777,1,1,uniform,ball_tree,euclidean,4,14,32(s),43(s),74(s),145(s),171(s),184,197,227.0,253.0,274,324,346.0,,,,,
347,1.0,0.7993788819875777,1,1,uniform,ball_tree,euclidean,4,14,32(s),43(s),74(s),145(s),171(s),184,197,227.0,253.0,274,324,347.0,,,,,
348,1.0,0.7993788819875777,1,1,uniform,ball_tree,euclidean,4,14,32(s),43(s),74(s),145(s),171(s),184,197,227.0,253.0,274,301,327.0,348.0,,,,
349,1.0,0.7993788819875777,1,1,uniform,ball_tree,euclidean,4,14,32(s),43(s),74(s),145(s),171(s),184,197,227.0,253.0,274,301,327.0,349.0,,,,
350,0.8875320020481311,0.8337474120082817,4,1,uniform,ball_tree,euclidean,4,14,32(s),43(s),74(s),145(s),178(s),240(s),261,282.0,335.0,350(s),,,,,,,
351,0.8753533026113672,0.8738716356107661,8,1,uniform,ball_tree,euclidean,4,14,32(s),43(s),74(s),145(s),178(s),240(s),261,282.0,335.0,351(s),,,,,,,
352,0.8689016897081412,0.8624016563146997,9,1,uniform,ball_tree,euclidean,4,14,32(s),43(s),74(s),145(s),178(s),240(s),261,282.0,335.0,352(s),,,,,,,
353,0.897567844342038,0.8595859213250516,5,2,uniform,ball_tree,euclidean,4,14,32(s),43(s),74(s),145(s),178(s),240(s),353,,,,,,,,,,
354,0.8667613927291347,0.859544513457557,11,4,uniform,ball_tree,euclidean,4,14,32(s),43(s),74(s),145(s),178(s),240(s),354,,,,,,,,,,
355,0.8653251408090117,0.859544513457557,14,1,uniform,ball_tree,euclidean,4,14,32(s),43(s),74(s),145(s),178(s),240(s),261,282.0,334.0,355,,,,,,,
356,0.9061725550435227,0.7678260869565218,2,1,uniform,ball_tree,euclidean,4,14,32(s),43(s),74(s),145(s),178(s),240(s),261,282.0,334.0,356,,,,,,,
357,0.8753533026113672,0.8738716356107661,8,1,uniform,ball_tree,euclidean,4,14,32(s),43(s),74(s),145(s),178(s),240(s),332(s),357.0,,,,,,,,,
358,0.897567844342038,0.8595859213250516,5,1,uniform,ball_tree,euclidean,4,14,32(s),43(s),74(s),145(s),178(s),240(s),332(s),358.0,,,,,,,,,
359,0.9061725550435227,0.7678260869565218,2,1,uniform,ball_tree,euclidean,4,14,32(s),43(s),74(s),145(s),180(s),194,306(s),338.0,359.0,,,,,,,,
360,0.8875320020481311,0.8337474120082817,4,1,uniform,ball_tree,euclidean,4,14,32(s),43(s),74(s),145(s),180(s),194,306(s),338.0,360.0,,,,,,,,
361,0.8932667690732208,0.8594616977225673,6,1,uniform,ball_tree,euclidean,4,14,32(s),43(s),74(s),145(s),178(s),240(s),261,282.0,335.0,361(s),,,,,,,
362,0.8753533026113672,0.8738716356107661,8,1,uniform,ball_tree,euclidean,4,14,32(s),43(s),74(s),145(s),178(s),240(s),261,282.0,335.0,362(s),,,,,,,
363,0.897567844342038,0.8595859213250516,5,1,uniform,ball_tree,euclidean,4,14,32(s),43(s),74(s),145(s),178(s),240(s),261,282.0,335.0,363(s),,,,,,,
364,0.8796466973886329,0.8681573498964804,7,1,uniform,ball_tree,euclidean,4,14,32(s),43(s),74(s),145(s),178(s),240(s),261,282.0,335.0,351(s),364,,,,,,
365,0.8753533026113672,0.8738716356107661,8,1,uniform,ball_tree,euclidean,4,14,32(s),43(s),74(s),145(s),178(s),240(s),261,282.0,335.0,351(s),365,,,,,,
366,0.8796466973886329,0.8681573498964804,7,1,uniform,ball_tree,euclidean,4,14,32(s),43(s),74(s),145(s),178(s),240(s),261,282.0,334.0,366,,,,,,,
367,0.8624628776241678,0.8538302277432711,15,1,uniform,ball_tree,euclidean,4,14,32(s),43(s),74(s),145(s),178(s),240(s),261,282.0,334.0,367,,,,,,,
368,0.8689016897081412,0.8624016563146997,9,1,uniform,ball_tree,euclidean,4,14,32(s),43(s),74(s),145(s),178(s),240(s),261,282.0,335.0,368(s),,,,,,,
369,0.8796466973886329,0.8681573498964804,7,1,uniform,ball_tree,euclidean,4,14,32(s),43(s),74(s),145(s),178(s),240(s),261,282.0,335.0,369(s),,,,,,,
370,0.8667613927291347,0.859544513457557,11,1,uniform,ball_tree,euclidean,4,14,32(s),43(s),74(s),145(s),178(s),240(s),261,282.0,335.0,370(s),,,,,,,
371,0.8796466973886329,0.8681573498964804,7,1,uniform,ball_tree,euclidean,4,14,32(s),43(s),74(s),145(s),178(s),240(s),261,282.0,335.0,351(s),371,,,,,,
372,0.9061725550435227,0.7678260869565218,2,1,uniform,ball_tree,euclidean,4,14,32(s),43(s),74(s),145(s),178(s),240(s),261,282.0,335.0,351(s),372,,,,,,
373,0.899720942140297,0.8452173913043477,3,1,uniform,ball_tree,euclidean,4,14,32(s),43(s),74(s),145(s),178(s),240(s),261,282.0,335.0,362(s),373,,,,,,
374,0.8624628776241678,0.8538302277432711,15,1,uniform,ball_tree,euclidean,4,14,32(s),43(s),74(s),145(s),178(s),240(s),261,282.0,335.0,362(s),374,,,,,,
375,0.8624628776241678,0.8538302277432711,15,1,uniform,ball_tree,euclidean,4,14,32(s),43(s),74(s),145(s),178(s),240(s),261,282.0,335.0,351(s),365,375.0,,,,,
376,1.0,0.7993788819875777,1,1,uniform,ball_tree,euclidean,4,14,32(s),43(s),74(s),145(s),178(s),240(s),261,282.0,335.0,351(s),365,376.0,,,,,
377,0.8875320020481311,0.8337474120082817,4,1,uniform,ball_tree,euclidean,4,14,32(s),43(s),74(s),145(s),178(s),240(s),261,282.0,335.0,363(s),377,,,,,,
378,0.8753533026113672,0.8738716356107661,8,1,uniform,ball_tree,euclidean,4,14,32(s),43(s),74(s),145(s),178(s),240(s),261,282.0,335.0,363(s),378,,,,,,
379,0.8667613927291347,0.859544513457557,11,1,uniform,ball_tree,euclidean,4,14,32(s),43(s),74(s),145(s),178(s),240(s),261,282.0,335.0,379(s),,,,,,,
380,0.8932667690732208,0.8594616977225673,6,1,uniform,ball_tree,euclidean,4,14,32(s),43(s),74(s),145(s),178(s),240(s),261,282.0,335.0,380(s),,,,,,,
381,0.8689016897081412,0.8624016563146997,9,1,uniform,ball_tree,euclidean,4,14,32(s),43(s),74(s),145(s),178(s),240(s),261,282.0,335.0,381(s),,,,,,,
382,0.8875320020481311,0.8337474120082817,4,1,uniform,ball_tree,euclidean,4,14,32(s),43(s),74(s),145(s),178(s),240(s),261,282.0,335.0,362(s),382,,,,,,
383,0.8753533026113672,0.8738716356107661,8,1,uniform,ball_tree,euclidean,4,14,32(s),43(s),74(s),145(s),178(s),240(s),261,282.0,335.0,362(s),383,,,,,,
384,0.8631822836661547,0.8566459627329192,13,1,uniform,ball_tree,euclidean,4,14,32(s),43(s),74(s),145(s),178(s),240(s),261,282.0,335.0,351(s),365,384.0,,,,,
385,0.8753533026113672,0.8738716356107661,8,1,uniform,ball_tree,euclidean,4,14,32(s),43(s),74(s),145(s),178(s),240(s),261,282.0,335.0,351(s),365,385.0,,,,,
386,0.897567844342038,0.8595859213250516,5,1,uniform,ball_tree,euclidean,4,14,32(s),43(s),74(s),145(s),178(s),240(s),261,282.0,335.0,363(s),378,386.0,,,,,
387,0.8796466973886329,0.8681573498964804,7,1,uniform,ball_tree,euclidean,4,14,32(s),43(s),74(s),145(s),178(s),240(s),261,282.0,335.0,363(s),378,387.0,,,,,
388,0.8875320020481311,0.8337474120082817,4,1,uniform,ball_tree,euclidean,4,14,32(s),43(s),74(s),145(s),178(s),240(s),261,282.0,335.0,351(s),371,388.0,,,,,
389,1.0,0.7993788819875777,1,1,uniform,ball_tree,euclidean,4,14,32(s),43(s),74(s),145(s),178(s),240(s),261,282.0,335.0,351(s),371,389.0,,,,,
390,0.8796466973886329,0.8681573498964804,7,1,uniform,ball_tree,euclidean,4,14,32(s),43(s),74(s),145(s),178(s),240(s),261,282.0,335.0,363(s),390,,,,,,
391,0.8689016897081412,0.8624016563146997,9,1,uniform,ball_tree,euclidean,4,14,32(s),43(s),74(s),145(s),178(s),240(s),261,282.0,335.0,363(s),391,,,,,,
392,0.9061725550435227,0.7678260869565218,2,1,uniform,ball_tree,euclidean,4,14,32(s),43(s),74(s),145(s),178(s),240(s),261,282.0,335.0,362(s),374,392.0,,,,,
393,0.8631822836661547,0.8566459627329192,13,1,uniform,ball_tree,euclidean,4,14,32(s),43(s),74(s),145(s),178(s),240(s),261,282.0,335.0,362(s),374,393.0,,,,,
394,0.897567844342038,0.8595859213250516,5,1,uniform,ball_tree,euclidean,4,14,32(s),43(s),74(s),145(s),178(s),240(s),261,282.0,335.0,362(s),373,394.0,,,,,
395,0.9061725550435227,0.7678260869565218,2,1,uniform,ball_tree,euclidean,4,14,32(s),43(s),74(s),145(s),178(s),240(s),261,282.0,335.0,362(s),373,395.0,,,,,
396,0.8689016897081412,0.8624016563146997,9,1,uniform,ball_tree,euclidean,4,14,32(s),43(s),74(s),145(s),178(s),240(s),261,282.0,335.0,362(s),396(s),,,,,,
397,0.8667613927291347,0.859544513457557,11,1,uniform,ball_tree,euclidean,4,14,32(s),43(s),74(s),145(s),178(s),240(s),261,282.0,335.0,362(s),397(s),,,,,,
398,0.8875320020481311,0.8337474120082817,4,1,uniform,ball_tree,euclidean,4,14,32(s),43(s),74(s),145(s),178(s),240(s),261,282.0,335.0,362(s),398(s),,,,,,
399,0.8631822836661547,0.8566459627329192,13,1,uniform,ball_tree,euclidean,4,14,32(s),43(s),74(s),145(s),178(s),240(s),261,282.0,335.0,381(s),399,,,,,,
400,0.8753533026113672,0.8738716356107661,8,1,uniform,ball_tree,euclidean,4,14,32(s),43(s),74(s),145(s),178(s),240(s),261,282.0,335.0,381(s),400,,,,,,
401,0.8717639528929851,0.8681573498964804,10,1,uniform,ball_tree,euclidean,4,14,32(s),43(s),74(s),145(s),178(s),240(s),261,282.0,335.0,363(s),391,401.0,,,,,
402,0.9061725550435227,0.7678260869565218,2,1,uniform,ball_tree,euclidean,4,14,32(s),43(s),74(s),145(s),178(s),240(s),261,282.0,335.0,363(s),391,402.0,,,,,
403,1.0,0.7993788819875777,1,1,uniform,ball_tree,euclidean,4,14,32(s),43(s),74(s),145(s),178(s),240(s),261,282.0,335.0,351(s),371,389.0,403.0,,,,
404,1.0,0.7993788819875777,1,1,uniform,ball_tree,euclidean,4,14,32(s),43(s),74(s),145(s),178(s),240(s),261,282.0,335.0,351(s),371,389.0,404.0,,,,
405,0.8932667690732208,0.8594616977225673,6,1,uniform,ball_tree,euclidean,4,14,32(s),43(s),74(s),145(s),178(s),240(s),261,282.0,335.0,362(s),405(s),,,,,,
406,0.8796466973886329,0.8681573498964804,7,1,uniform,ball_tree,euclidean,4,14,32(s),43(s),74(s),145(s),178(s),240(s),261,282.0,335.0,362(s),406(s),,,,,,
407,0.897567844342038,0.8595859213250516,5,1,uniform,ball_tree,euclidean,4,14,32(s),43(s),74(s),145(s),178(s),240(s),261,282.0,335.0,362(s),407(s),,,,,,
408,0.8875320020481311,0.8337474120082817,4,1,uniform,ball_tree,euclidean,4,14,32(s),43(s),74(s),145(s),178(s),240(s),261,282.0,335.0,362(s),408(s),,,,,,
409,0.8667613927291347,0.859544513457557,11,1,uniform,ball_tree,euclidean,4,14,32(s),43(s),74(s),145(s),178(s),240(s),261,282.0,335.0,362(s),409(s),,,,,,
410,0.897567844342038,0.8595859213250516,5,1,uniform,ball_tree,euclidean,4,14,32(s),43(s),74(s),145(s),178(s),240(s),261,282.0,335.0,362(s),410(s),,,,,,
411,0.8717639528929851,0.8681573498964804,10,1,uniform,ball_tree,euclidean,4,14,32(s),43(s),74(s),145(s),178(s),240(s),261,282.0,335.0,362(s),405(s),411.0,,,,,
412,1.0,0.7993788819875777,1,1,uniform,ball_tree,euclidean,4,14,32(s),43(s),74(s),145(s),178(s),240(s),261,282.0,335.0,362(s),405(s),412.0,,,,,
413,0.8796466973886329,0.8681573498964804,7,1,uniform,ball_tree,euclidean,4,14,32(s),43(s),74(s),145(s),178(s),240(s),261,282.0,335.0,362(s),413(s),,,,,,
414,0.8667613927291347,0.859544513457557,11,1,uniform,ball_tree,euclidean,4,14,32(s),43(s),74(s),145(s),178(s),240(s),261,282.0,335.0,362(s),414(s),,,,,,
415,0.8875320020481311,0.8337474120082817,4,1,uniform,ball_tree,euclidean,4,14,32(s),43(s),74(s),145(s),178(s),240(s),261,282.0,335.0,362(s),415(s),,,,,,
416,0.8646031746031746,0.8481159420289854,16,1,uniform,ball_tree,euclidean,4,14,32(s),43(s),74(s),145(s),178(s),240(s),261,282.0,335.0,362(s),405(s),411.0,416.0,,,,
417,0.8689016897081412,0.8624016563146997,9,1,uniform,ball_tree,euclidean,4,14,32(s),43(s),74(s),145(s),178(s),240(s),261,282.0,335.0,362(s),405(s),411.0,417.0,,,,
418,1.0,0.7993788819875777,1,1,uniform,ball_tree,euclidean,4,14,32(s),43(s),74(s),145(s),178(s),240(s),261,282.0,335.0,362(s),409(s),418.0,,,,,
419,0.8667613927291347,0.859544513457557,11,1,uniform,ball_tree,euclidean,4,14,32(s),43(s),74(s),145(s),178(s),240(s),261,282.0,335.0,362(s),409(s),419.0,,,,,
420,0.8875320020481311,0.8337474120082817,4,1,uniform,ball_tree,euclidean,4,14,32(s),43(s),74(s),145(s),178(s),240(s),261,282.0,335.0,362(s),408(s),420.0,,,,,
421,0.8875320020481311,0.8337474120082817,4,1,uniform,ball_tree,euclidean,4,14,32(s),43(s),74(s),145(s),178(s),240(s),261,282.0,335.0,362(s),408(s),421.0,,,,,
422,0.8932667690732208,0.8594616977225673,6,1,uniform,ball_tree,euclidean,4,14,32(s),43(s),74(s),145(s),178(s),240(s),261,282.0,335.0,362(s),422(s),,,,,,
423,0.8932667690732208,0.8594616977225673,6,1,uniform,ball_tree,euclidean,4,14,32(s),43(s),74(s),145(s),178(s),240(s),261,282.0,335.0,362(s),423(s),,,,,,
424,0.8932667690732208,0.8594616977225673,6,1,uniform,ball_tree,euclidean,4,14,32(s),43(s),74(s),145(s),178(s),240(s),261,282.0,335.0,362(s),424(s),,,,,,
425,0.8875320020481311,0.8337474120082817,4,1,uniform,ball_tree,euclidean,4,14,32(s),43(s),74(s),145(s),178(s),240(s),261,282.0,335.0,362(s),425(s),,,,,,
426,0.8753533026113672,0.8738716356107661,8,1,uniform,ball_tree,euclidean,4,14,32(s),43(s),74(s),145(s),178(s),240(s),261,282.0,335.0,362(s),426(s),,,,,,
427,0.8932667690732208,0.8594616977225673,6,1,uniform,ball_tree,euclidean,4,14,32(s),43(s),74(s),145(s),178(s),240(s),261,282.0,335.0,362(s),427(s),,,,,,
428,0.8689016897081412,0.8624016563146997,9,1,uniform,ball_tree,euclidean,4,14,32(s),43(s),74(s),145(s),178(s),240(s),261,282.0,335.0,362(s),423(s),428.0,,,,,
429,0.8753533026113672,0.8738716356107661,8,1,uniform,ball_tree,euclidean,4,14,32(s),43(s),74(s),145(s),178(s),240(s),261,282.0,335.0,362(s),423(s),429.0,,,,,
430,0.8875320020481311,0.8337474120082817,4,1,uniform,ball_tree,euclidean,4,14,32(s),43(s),74(s),145(s),178(s),240(s),261,282.0,335.0,362(s),430(s),,,,,,
431,0.8753533026113672,0.8738716356107661,8,1,uniform,ball_tree,euclidean,4,14,32(s),43(s),74(s),145(s),178(s),240(s),261,282.0,335.0,362(s),431(s),,,,,,
432,0.8875320020481311,0.8337474120082817,4,1,uniform,ball_tree,euclidean,4,14,32(s),43(s),74(s),145(s),178(s),240(s),261,282.0,335.0,362(s),432(s),,,,,,
433,0.8667613927291347,0.859544513457557,11,1,uniform,ball_tree,euclidean,4,14,32(s),43(s),74(s),145(s),178(s),240(s),261,282.0,335.0,362(s),423(s),429.0,433.0,,,,
434,0.8667613927291347,0.859544513457557,11,1,uniform,ball_tree,euclidean,4,14,32(s),43(s),74(s),145(s),178(s),240(s),261,282.0,335.0,362(s),423(s),429.0,434.0,,,,
435,0.8875320020481311,0.8337474120082817,4,1,uniform,ball_tree,euclidean,4,14,32(s),43(s),74(s),145(s),178(s),240(s),261,282.0,335.0,362(s),423(s),435.0,,,,,
436,0.8667613927291347,0.859544513457557,11,1,uniform,ball_tree,euclidean,4,14,32(s),43(s),74(s),145(s),178(s),240(s),261,282.0,335.0,362(s),423(s),436.0,,,,,
437,0.8932667690732208,0.8594616977225673,6,1,uniform,ball_tree,euclidean,4,14,32(s),43(s),74(s),145(s),178(s),240(s),261,282.0,335.0,362(s),437(s),,,,,,
438,0.8932667690732208,0.8594616977225673,6,1,uniform,ball_tree,euclidean,4,14,32(s),43(s),74(s),145(s),178(s),240(s),261,282.0,335.0,362(s),438(s),,,,,,
439,0.8875320020481311,0.8337474120082817,4,1,uniform,ball_tree,euclidean,4,14,32(s),43(s),74(s),145(s),178(s),240(s),261,282.0,335.0,362(s),439(s),,,,,,
440,0.8667613927291347,0.859544513457557,11,1,uniform,ball_tree,euclidean,4,14,32(s),43(s),74(s),145(s),178(s),240(s),261,282.0,335.0,362(s),440(s),,,,,,
441,0.897567844342038,0.8595859213250516,5,1,uniform,ball_tree,euclidean,4,14,32(s),43(s),74(s),145(s),178(s),240(s),261,282.0,335.0,362(s),441(s),,,,,,
442,0.8932667690732208,0.8594616977225673,6,1,uniform,ball_tree,euclidean,4,14,32(s),43(s),74(s),145(s),178(s),240(s),261,282.0,335.0,362(s),442(s),,,,,,
443,0.899720942140297,0.8452173913043477,3,1,uniform,ball_tree,euclidean,4,14,32(s),43(s),74(s),145(s),178(s),240(s),261,282.0,335.0,362(s),439(s),443.0,,,,,
444,1.0,0.7993788819875777,1,1,uniform,ball_tree,euclidean,4,14,32(s),43(s),74(s),145(s),178(s),240(s),261,282.0,335.0,362(s),439(s),444.0,,,,,
445,0.8932667690732208,0.8594616977225673,6,1,uniform,ball_tree,euclidean,4,14,32(s),43(s),74(s),145(s),178(s),240(s),261,282.0,335.0,362(s),445(s),,,,,,
446,0.897567844342038,0.8595859213250516,5,1,uniform,ball_tree,euclidean,4,14,32(s),43(s),74(s),145(s),178(s),240(s),261,282.0,335.0,362(s),446(s),,,,,,
447,0.8875320020481311,0.8337474120082817,4,1,uniform,ball_tree,euclidean,4,14,32(s),43(s),74(s),145(s),178(s),240(s),261,282.0,335.0,362(s),447(s),,,,,,
448,0.8717639528929851,0.8681573498964804,10,1,uniform,ball_tree,euclidean,4,14,32(s),43(s),74(s),145(s),178(s),240(s),261,282.0,335.0,362(s),442(s),448.0,,,,,
449,1.0,0.7993788819875777,1,1,uniform,ball_tree,euclidean,4,14,32(s),43(s),74(s),145(s),178(s),240(s),261,282.0,335.0,362(s),442(s),449.0,,,,,
450,0.8932667690732208,0.8594616977225673,6,1,uniform,ball_tree,euclidean,4,14,32(s),43(s),74(s),145(s),178(s),240(s),261,282.0,335.0,362(s),439(s),450.0,,,,,
451,0.899720942140297,0.8452173913043477,3,1,uniform,ball_tree,euclidean,4,14,32(s),43(s),74(s),145(s),178(s),240(s),261,282.0,335.0,362(s),439(s),451.0,,,,,
452,0.8667613927291347,0.859544513457557,11,1,uniform,ball_tree,euclidean,4,14,32(s),43(s),74(s),145(s),178(s),240(s),261,282.0,335.0,362(s),452(s),,,,,,
453,0.8667613927291347,0.859544513457557,11,1,uniform,ball_tree,euclidean,4,14,32(s),43(s),74(s),145(s),178(s),240(s),261,282.0,335.0,362(s),453(s),,,,,,
454,0.8689016897081412,0.8624016563146997,9,1,uniform,ball_tree,euclidean,4,14,32(s),43(s),74(s),145(s),178(s),240(s),261,282.0,335.0,362(s),454(s),,,,,,
455,0.8667613927291347,0.859544513457557,11,1,uniform,ball_tree,euclidean,4,14,32(s),43(s),74(s),145(s),178(s),240(s),261,282.0,335.0,362(s),455(s),,,,,,
456,0.8689016897081412,0.8624016563146997,9,1,uniform,ball_tree,euclidean,4,14,32(s),43(s),74(s),145(s),178(s),240(s),261,282.0,335.0,362(s),456(s),,,,,,
457,0.8689016897081412,0.8624016563146997,9,1,uniform,ball_tree,euclidean,4,14,32(s),43(s),74(s),145(s),178(s),240(s),261,282.0,335.0,362(s),457(s),,,,,,
458,0.8667613927291347,0.859544513457557,11,1,uniform,ball_tree,euclidean,4,14,32(s),43(s),74(s),145(s),178(s),240(s),261,282.0,335.0,362(s),458(s),,,,,,
459,0.8875320020481311,0.8337474120082817,4,1,uniform,ball_tree,euclidean,4,14,32(s),43(s),74(s),145(s),178(s),240(s),261,282.0,335.0,362(s),459(s),,,,,,
460,0.8753533026113672,0.8738716356107661,8,1,uniform,ball_tree,euclidean,4,14,32(s),43(s),74(s),145(s),178(s),240(s),261,282.0,335.0,362(s),460(s),,,,,,
461,0.8689016897081412,0.8624016563146997,9,1,uniform,ball_tree,euclidean,4,14,32(s),43(s),74(s),145(s),178(s),240(s),261,282.0,335.0,362(s),461(s),,,,,,
462,0.8875320020481311,0.8337474120082817,4,1,uniform,ball_tree,euclidean,4,14,32(s),43(s),74(s),145(s),178(s),240(s),261,282.0,335.0,362(s),462(s),,,,,,
463,0.8875320020481311,0.8337474120082817,4,1,uniform,ball_tree,euclidean,4,14,32(s),43(s),74(s),145(s),178(s),240(s),261,282.0,335.0,362(s),463(s),,,,,,
464,0.897567844342038,0.8595859213250516,5,1,uniform,ball_tree,euclidean,4,14,32(s),43(s),74(s),145(s),178(s),240(s),261,282.0,335.0,362(s),460(s),464.0,,,,,
465,0.9061725550435227,0.7678260869565218,2,1,uniform,ball_tree,euclidean,4,14,32(s),43(s),74(s),145(s),178(s),240(s),261,282.0,335.0,362(s),460(s),465.0,,,,,
466,0.8932667690732208,0.8594616977225673,6,1,uniform,ball_tree,euclidean,4,14,32(s),43(s),74(s),145(s),178(s),240(s),261,282.0,335.0,362(s),466(s),,,,,,
467,0.8667613927291347,0.859544513457557,11,1,uniform,ball_tree,euclidean,4,14,32(s),43(s),74(s),145(s),178(s),240(s),261,282.0,335.0,362(s),467(s),,,,,,
468,0.8796466973886329,0.8681573498964804,7,1,uniform,ball_tree,euclidean,4,14,32(s),43(s),74(s),145(s),178(s),240(s),261,282.0,335.0,362(s),468(s),,,,,,
469,0.8717639528929851,0.8681573498964804,10,1,uniform,ball_tree,euclidean,4,14,32(s),43(s),74(s),145(s),178(s),240(s),261,282.0,335.0,362(s),461(s),469.0,,,,,
470,0.8932667690732208,0.8594616977225673,6,1,uniform,ball_tree,euclidean,4,14,32(s),43(s),74(s),145(s),178(s),240(s),261,282.0,335.0,362(s),461(s),470.0,,,,,
471,0.8717639528929851,0.8681573498964804,10,1,uniform,ball_tree,euclidean,4,14,32(s),43(s),74(s),145(s),178(s),240(s),261,282.0,335.0,362(s),471(s),,,,,,
472,0.897567844342038,0.8595859213250516,5,1,uniform,ball_tree,euclidean,4,14,32(s),43(s),74(s),145(s),178(s),240(s),261,282.0,335.0,362(s),472(s),,,,,,
473,0.897567844342038,0.8595859213250516,5,1,uniform,ball_tree,euclidean,4,14,32(s),43(s),74(s),145(s),178(s),240(s),261,282.0,335.0,362(s),473(s),,,,,,
474,0.8932667690732208,0.8594616977225673,6,1,uniform,ball_tree,euclidean,4,14,32(s),43(s),74(s),145(s),178(s),240(s),261,282.0,335.0,362(s),474(s),,,,,,
475,0.8667613927291347,0.859544513457557,11,1,uniform,ball_tree,euclidean,4,14,32(s),43(s),74(s),145(s),178(s),240(s),261,282.0,335.0,362(s),475(s),,,,,,
476,0.8717639528929851,0.8681573498964804,10,1,uniform,ball_tree,euclidean,4,14,32(s),43(s),74(s),145(s),178(s),240(s),261,282.0,335.0,362(s),476(s),,,,,,
477,1.0,0.7993788819875777,1,1,uniform,ball_tree,euclidean,4,14,32(s),43(s),74(s),145(s),178(s),240(s),261,282.0,335.0,362(s),472(s),477.0,,,,,
478,0.8796466973886329,0.8681573498964804,7,1,uniform,ball_tree,euclidean,4,14,32(s),43(s),74(s),145(s),178(s),240(s),261,282.0,335.0,362(s),472(s),478.0,,,,,
479,0.8875320020481311,0.8337474120082817,4,1,uniform,ball_tree,euclidean,4,14,32(s),43(s),74(s),145(s),178(s),240(s),261,282.0,335.0,362(s),473(s),479.0,,,,,
480,0.8753533026113672,0.8738716356107661,8,1,uniform,ball_tree,euclidean,4,14,32(s),43(s),74(s),145(s),178(s),240(s),261,282.0,335.0,362(s),473(s),480.0,,,,,
481,0.8717639528929851,0.8681573498964804,10,1,uniform,ball_tree,euclidean,4,14,32(s),43(s),74(s),145(s),178(s),240(s),261,282.0,335.0,362(s),481(s),,,,,,
482,0.8875320020481311,0.8337474120082817,4,1,uniform,ball_tree,euclidean,4,14,32(s),43(s),74(s),145(s),178(s),240(s),261,282.0,335.0,362(s),482(s),,,,,,
483,0.8753533026113672,0.8738716356107661,8,1,uniform,ball_tree,euclidean,4,14,32(s),43(s),74(s),145(s),178(s),240(s),261,282.0,335.0,362(s),483(s),,,,,,
484,0.897567844342038,0.8595859213250516,5,1,uniform,ball_tree,euclidean,4,14,32(s),43(s),74(s),145(s),178(s),240(s),261,282.0,335.0,362(s),472(s),478.0,484.0,,,,
485,0.8667613927291347,0.859544513457557,11,1,uniform,ball_tree,euclidean,4,14,32(s),43(s),74(s),145(s),178(s),240(s),261,282.0,335.0,362(s),472(s),478.0,485.0,,,,
486,0.8717639528929851,0.8681573498964804,10,1,uniform,ball_tree,euclidean,4,14,32(s),43(s),74(s),145(s),178(s),240(s),261,282.0,335.0,362(s),475(s),486.0,,,,,
487,1.0,0.7993788819875777,1,1,uniform,ball_tree,euclidean,4,14,32(s),43(s),74(s),145(s),178(s),240(s),261,282.0,335.0,362(s),475(s),487.0,,,,,
488,1.0,0.7993788819875777,1,1,uniform,ball_tree,euclidean,4,14,32(s),43(s),74(s),145(s),178(s),240(s),261,282.0,335.0,362(s),472(s),477.0,488.0,,,,
489,1.0,0.7993788819875777,1,1,uniform,ball_tree,euclidean,4,14,32(s),43(s),74(s),145(s),178(s),240(s),261,282.0,335.0,362(s),472(s),477.0,489.0,,,,
490,0.897567844342038,0.8595859213250516,5,1,uniform,ball_tree,euclidean,4,14,32(s),43(s),74(s),145(s),178(s),240(s),261,282.0,335.0,362(s),490(s),,,,,,
491,0.8689016897081412,0.8624016563146997,9,1,uniform,ball_tree,euclidean,4,14,32(s),43(s),74(s),145(s),178(s),240(s),261,282.0,335.0,362(s),491(s),,,,,,
492,0.8667613927291347,0.859544513457557,11,1,uniform,ball_tree,euclidean,4,14,32(s),43(s),74(s),145(s),178(s),240(s),261,282.0,335.0,362(s),492(s),,,,,,
493,0.8689016897081412,0.8624016563146997,9,1,uniform,ball_tree,euclidean,4,14,32(s),43(s),74(s),145(s),178(s),240(s),261,282.0,335.0,362(s),475(s),486.0,493.0,,,,
494,0.8932667690732208,0.8594616977225673,6,1,uniform,ball_tree,euclidean,4,14,32(s),43(s),74(s),145(s),178(s),240(s),261,282.0,335.0,362(s),475(s),486.0,494.0,,,,
495,0.8875320020481311,0.8337474120082817,4,1,uniform,ball_tree,euclidean,4,14,32(s),43(s),74(s),145(s),178(s),240(s),261,282.0,335.0,362(s),472(s),478.0,484.0,495.0,,,
496,1.0,0.7993788819875777,1,1,uniform,ball_tree,euclidean,4,14,32(s),43(s),74(s),145(s),178(s),240(s),261,282.0,335.0,362(s),472(s),478.0,484.0,496.0,,,
497,1.0,0.7993788819875777,1,1,uniform,ball_tree,euclidean,4,14,32(s),43(s),74(s),145(s),178(s),240(s),261,282.0,335.0,362(s),472(s),477.0,497.0,,,,
498,1.0,0.7993788819875777,1,1,uniform,ball_tree,euclidean,4,14,32(s),43(s),74(s),145(s),178(s),240(s),261,282.0,335.0,362(s),472(s),477.0,498.0,,,,
499,1.0,0.7993788819875777,1,1,uniform,ball_tree,euclidean,4,14,32(s),43(s),74(s),145(s),178(s),240(s),261,282.0,335.0,362(s),475(s),487.0,499.0,,,,
500,1.0,0.7993788819875777,1,1,uniform,ball_tree,euclidean,4,14,32(s),43(s),74(s),145(s),178(s),240(s),261,282.0,335.0,362(s),475(s),487.0,500.0,,,,
501,1.0,0.7993788819875777,1,1,uniform,ball_tree,euclidean,4,14,32(s),43(s),74(s),145(s),178(s),240(s),261,282.0,335.0,362(s),472(s),477.0,488.0,501.0,,,
502,1.0,0.7993788819875777,1,1,uniform,ball_tree,euclidean,4,14,32(s),43(s),74(s),145(s),178(s),240(s),261,282.0,335.0,362(s),472(s),477.0,488.0,502.0,,,
503,0.8717639528929851,0.8681573498964804,10,1,uniform,ball_tree,euclidean,4,14,32(s),43(s),74(s),145(s),178(s),240(s),261,282.0,335.0,362(s),503(s),,,,,,
504,0.8932667690732208,0.8594616977225673,6,1,uniform,ball_tree,euclidean,4,14,32(s),43(s),74(s),145(s),178(s),240(s),261,282.0,335.0,362(s),504(s),,,,,,
505,0.8796466973886329,0.8681573498964804,7,1,uniform,ball_tree,euclidean,4,14,32(s),43(s),74(s),145(s),178(s),240(s),261,282.0,335.0,362(s),505(s),,,,,,
506,0.8624628776241678,0.8538302277432711,15,1,uniform,ball_tree,euclidean,4,14,32(s),43(s),74(s),145(s),178(s),240(s),261,282.0,335.0,362(s),492(s),506.0,,,,,
507,0.9061725550435227,0.7678260869565218,2,1,uniform,ball_tree,euclidean,4,14,32(s),43(s),74(s),145(s),178(s),240(s),261,282.0,335.0,362(s),492(s),507.0,,,,,
508,1.0,0.7993788819875777,1,1,uniform,ball_tree,euclidean,4,14,32(s),43(s),74(s),145(s),178(s),240(s),261,282.0,335.0,362(s),472(s),477.0,488.0,508.0,,,
509,1.0,0.7993788819875777,1,1,uniform,ball_tree,euclidean,4,14,32(s),43(s),74(s),145(s),178(s),240(s),261,282.0,335.0,362(s),472(s),477.0,488.0,509.0,,,
510,1.0,0.7993788819875777,1,1,uniform,ball_tree,euclidean,4,14,32(s),43(s),74(s),145(s),178(s),240(s),261,282.0,335.0,362(s),472(s),478.0,484.0,496.0,510.0,,
511,1.0,0.7993788819875777,1,1,uniform,ball_tree,euclidean,4,14,32(s),43(s),74(s),145(s),178(s),240(s),261,282.0,335.0,362(s),472(s),478.0,484.0,496.0,511.0,,
512,1.0,0.7993788819875777,1,1,uniform,ball_tree,euclidean,4,14,32(s),43(s),74(s),145(s),178(s),240(s),261,282.0,335.0,362(s),472(s),477.0,498.0,512.0,,,
513,1.0,0.7993788819875777,1,1,uniform,ball_tree,euclidean,4,14,32(s),43(s),74(s),145(s),178(s),240(s),261,282.0,335.0,362(s),472(s),477.0,498.0,513.0,,,
514,1.0,0.7993788819875777,1,1,uniform,ball_tree,euclidean,4,14,32(s),43(s),74(s),145(s),178(s),240(s),261,282.0,335.0,362(s),472(s),477.0,488.0,502.0,514.0,,
515,1.0,0.7993788819875777,1,1,uniform,ball_tree,euclidean,4,14,32(s),43(s),74(s),145(s),178(s),240(s),261,282.0,335.0,362(s),472(s),477.0,488.0,502.0,515.0,,
516,0.8667613927291347,0.859544513457557,11,1,uniform,ball_tree,euclidean,4,14,32(s),43(s),74(s),145(s),178(s),240(s),261,282.0,335.0,362(s),516(s),,,,,,
517,0.897567844342038,0.8595859213250516,5,1,uniform,ball_tree,euclidean,4,14,32(s),43(s),74(s),145(s),178(s),240(s),261,282.0,335.0,362(s),517(s),,,,,,
518,0.8717639528929851,0.8681573498964804,10,1,uniform,ball_tree,euclidean,4,14,32(s),43(s),74(s),145(s),178(s),240(s),261,282.0,335.0,362(s),518(s),,,,,,
519,0.8667613927291347,0.859544513457557,11,1,uniform,ball_tree,euclidean,4,14,32(s),43(s),74(s),145(s),178(s),240(s),261,282.0,335.0,362(s),503(s),519.0,,,,,
520,0.8646031746031746,0.8481159420289854,16,1,uniform,ball_tree,euclidean,4,14,32(s),43(s),74(s),145(s),178(s),240(s),261,282.0,335.0,362(s),503(s),520.0,,,,,
521,0.8932667690732208,0.8594616977225673,6,1,uniform,ball_tree,euclidean,4,14,32(s),43(s),74(s),145(s),178(s),240(s),261,282.0,335.0,362(s),504(s),521.0,,,,,
522,0.897567844342038,0.8595859213250516,5,1,uniform,ball_tree,euclidean,4,14,32(s),43(s),74(s),145(s),178(s),240(s),261,282.0,335.0,362(s),504(s),522.0,,,,,
523,1.0,0.7993788819875777,1,1,uniform,ball_tree,euclidean,4,14,32(s),43(s),74(s),145(s),178(s),240(s),261,282.0,335.0,362(s),472(s),477.0,488.0,523.0,,,
524,1.0,0.7993788819875777,1,1,uniform,ball_tree,euclidean,4,14,32(s),43(s),74(s),145(s),178(s),240(s),261,282.0,335.0,362(s),472(s),477.0,488.0,524.0,,,
525,1.0,0.7993788819875777,1,1,uniform,ball_tree,euclidean,4,14,32(s),43(s),74(s),145(s),178(s),240(s),261,282.0,335.0,362(s),472(s),477.0,498.0,525.0,,,
526,1.0,0.7993788819875777,1,1,uniform,ball_tree,euclidean,4,14,32(s),43(s),74(s),145(s),178(s),240(s),261,282.0,335.0,362(s),472(s),477.0,498.0,526.0,,,
527,1.0,0.7993788819875777,1,1,uniform,ball_tree,euclidean,4,14,32(s),43(s),74(s),145(s),178(s),240(s),261,282.0,335.0,362(s),472(s),477.0,488.0,508.0,527.0,,
528,1.0,0.7993788819875777,1,1,uniform,ball_tree,euclidean,4,14,32(s),43(s),74(s),145(s),178(s),240(s),261,282.0,335.0,362(s),472(s),477.0,488.0,508.0,528.0,,
529,1.0,0.7993788819875777,1,1,uniform,ball_tree,euclidean,4,14,32(s),43(s),74(s),145(s),178(s),240(s),261,282.0,335.0,362(s),472(s),477.0,488.0,502.0,514.0,529.0,
530,1.0,0.7993788819875777,1,1,uniform,ball_tree,euclidean,4,14,32(s),43(s),74(s),145(s),178(s),240(s),261,282.0,335.0,362(s),472(s),477.0,488.0,502.0,514.0,530.0,
531,1.0,0.7993788819875777,1,1,uniform,ball_tree,euclidean,4,14,32(s),43(s),74(s),145(s),178(s),240(s),261,282.0,335.0,362(s),492(s),507.0,531.0,,,,
532,1.0,0.7993788819875777,1,1,uniform,ball_tree,euclidean,4,14,32(s),43(s),74(s),145(s),178(s),240(s),261,282.0,335.0,362(s),492(s),507.0,532.0,,,,
533,0.8689016897081412,0.8624016563146997,9,1,uniform,ball_tree,euclidean,4,14,32(s),43(s),74(s),145(s),178(s),240(s),261,282.0,335.0,362(s),533(s),,,,,,
534,0.8932667690732208,0.8594616977225673,6,1,uniform,ball_tree,euclidean,4,14,32(s),43(s),74(s),145(s),178(s),240(s),261,282.0,335.0,362(s),534(s),,,,,,
535,0.8875320020481311,0.8337474120082817,4,1,uniform,ball_tree,euclidean,4,14,32(s),43(s),74(s),145(s),178(s),240(s),261,282.0,335.0,362(s),535(s),,,,,,
536,0.897567844342038,0.8595859213250516,5,1,uniform,ball_tree,euclidean,4,14,32(s),43(s),74(s),145(s),178(s),240(s),261,282.0,335.0,362(s),503(s),536.0,,,,,
537,0.8646031746031746,0.8481159420289854,16,1,uniform,ball_tree,euclidean,4,14,32(s),43(s),74(s),145(s),178(s),240(s),261,282.0,335.0,362(s),503(s),537.0,,,,,
538,0.897567844342038,0.8595859213250516,5,1,uniform,ball_tree,euclidean,4,14,32(s),43(s),74(s),145(s),178(s),240(s),261,282.0,335.0,362(s),517(s),538.0,,,,,
539,0.8689016897081412,0.8624016563146997,9,1,uniform,ball_tree,euclidean,4,14,32(s),43(s),74(s),145(s),178(s),240(s),261,282.0,335.0,362(s),517(s),539.0,,,,,
540,1.0,0.7993788819875777,1,1,uniform,ball_tree,euclidean,4,14,32(s),43(s),74(s),145(s),178(s),240(s),261,282.0,335.0,362(s),472(s),477.0,498.0,540.0,,,
541,1.0,0.7993788819875777,1,1,uniform,ball_tree,euclidean,4,14,32(s),43(s),74(s),145(s),178(s),240(s),261,282.0,335.0,362(s),472(s),477.0,498.0,541.0,,,
542,1.0,0.7993788819875777,1,1,uniform,ball_tree,euclidean,4,14,32(s),43(s),74(s),145(s),178(s),240(s),261,282.0,335.0,362(s),472(s),477.0,488.0,523.0,542.0,,
543,1.0,0.7993788819875777,1,1,uniform,ball_tree,euclidean,4,14,32(s),43(s),74(s),145(s),178(s),240(s),261,282.0,335.0,362(s),472(s),477.0,488.0,523.0,543.0,,
544,0.8796466973886329,0.8681573498964804,7,1,uniform,ball_tree,euclidean,4,14,32(s),43(s),74(s),145(s),178(s),240(s),261,282.0,335.0,362(s),544(s),,,,,,
545,0.8689016897081412,0.8624016563146997,9,1,uniform,ball_tree,euclidean,4,14,32(s),43(s),74(s),145(s),178(s),240(s),261,282.0,335.0,362(s),545(s),,,,,,
546,0.8717639528929851,0.8681573498964804,10,1,uniform,ball_tree,euclidean,4,14,32(s),43(s),74(s),145(s),178(s),240(s),261,282.0,335.0,362(s),546(s),,,,,,
547,0.8875320020481311,0.8337474120082817,4,1,uniform,ball_tree,euclidean,4,14,32(s),43(s),74(s),145(s),178(s),240(s),261,282.0,335.0,362(s),517(s),538.0,547.0,,,,
548,0.8753533026113672,0.8738716356107661,8,1,uniform,ball_tree,euclidean,4,14,32(s),43(s),74(s),145(s),178(s),240(s),261,282.0,335.0,362(s),517(s),538.0,548.0,,,,
549,1.0,0.7993788819875777,1,1,uniform,ball_tree,euclidean,4,14,32(s),43(s),74(s),145(s),178(s),240(s),261,282.0,335.0,362(s),472(s),477.0,488.0,523.0,549.0,,
550,1.0,0.7993788819875777,1,1,uniform,ball_tree,euclidean,4,14,32(s),43(s),74(s),145(s),178(s),240(s),261,282.0,335.0,362(s),472(s),477.0,488.0,523.0,550.0,,
551,1.0,0.7993788819875777,1,1,uniform,ball_tree,euclidean,4,14,32(s),43(s),74(s),145(s),178(s),240(s),261,282.0,335.0,362(s),472(s),477.0,488.0,523.0,542.0,551.0,
552,1.0,0.7993788819875777,1,1,uniform,ball_tree,euclidean,4,14,32(s),43(s),74(s),145(s),178(s),240(s),261,282.0,335.0,362(s),472(s),477.0,488.0,523.0,542.0,552.0,
553,0.8689016897081412,0.8624016563146997,9,1,uniform,ball_tree,euclidean,4,14,32(s),43(s),74(s),145(s),178(s),240(s),261,282.0,335.0,362(s),553(s),,,,,,
554,0.8689016897081412,0.8624016563146997,9,1,uniform,ball_tree,euclidean,4,14,32(s),43(s),74(s),145(s),178(s),240(s),261,282.0,335.0,362(s),554(s),,,,,,
555,0.8717639528929851,0.8681573498964804,10,1,uniform,ball_tree,euclidean,4,14,32(s),43(s),74(s),145(s),178(s),240(s),261,282.0,335.0,362(s),555(s),,,,,,
556,0.8689016897081412,0.8624016563146997,9,1,uniform,ball_tree,euclidean,4,14,32(s),43(s),74(s),145(s),178(s),240(s),261,282.0,335.0,362(s),517(s),538.0,548.0,556.0,,,
557,0.8689016897081412,0.8624016563146997,9,1,uniform,ball_tree,euclidean,4,14,32(s),43(s),74(s),145(s),178(s),240(s),261,282.0,335.0,362(s),517(s),538.0,548.0,557.0,,,
558,1.0,0.7993788819875777,1,1,uniform,ball_tree,euclidean,4,14,32(s),43(s),74(s),145(s),178(s),240(s),261,282.0,335.0,362(s),472(s),477.0,488.0,523.0,558.0,,
559,1.0,0.7993788819875777,1,1,uniform,ball_tree,euclidean,4,14,32(s),43(s),74(s),145(s),178(s),240(s),261,282.0,335.0,362(s),472(s),477.0,488.0,523.0,559.0,,
560,1.0,0.7993788819875777,1,1,uniform,ball_tree,euclidean,4,14,32(s),43(s),74(s),145(s),178(s),240(s),261,282.0,335.0,362(s),472(s),477.0,488.0,523.0,542.0,552.0,560.0
561,1.0,0.7993788819875777,1,1,uniform,ball_tree,euclidean,4,14,32(s),43(s),74(s),145(s),178(s),240(s),261,282.0,335.0,362(s),472(s),477.0,488.0,523.0,542.0,552.0,561.0
562,0.8717639528929851,0.8681573498964804,10,1,uniform,ball_tree,euclidean,4,14,32(s),43(s),74(s),145(s),178(s),240(s),261,282.0,335.0,362(s),562(s),,,,,,
563,0.897567844342038,0.8595859213250516,5,1,uniform,ball_tree,euclidean,4,14,32(s),43(s),74(s),145(s),178(s),240(s),261,282.0,335.0,362(s),563(s),,,,,,
564,0.8667613927291347,0.859544513457557,11,1,uniform,ball_tree,euclidean,4,14,32(s),43(s),74(s),145(s),178(s),240(s),261,282.0,335.0,362(s),564(s),,,,,,
565,0.8667613927291347,0.859544513457557,11,1,uniform,ball_tree,euclidean,4,14,32(s),43(s),74(s),145(s),178(s),240(s),261,282.0,335.0,362(s),565(s),,,,,,
566,0.8796466973886329,0.8681573498964804,7,1,uniform,ball_tree,euclidean,4,14,32(s),43(s),74(s),145(s),178(s),240(s),261,282.0,335.0,362(s),566(s),,,,,,
567,0.897567844342038,0.8595859213250516,5,1,uniform,ball_tree,euclidean,4,14,32(s),43(s),74(s),145(s),178(s),240(s),261,282.0,335.0,362(s),567(s),,,,,,
568,0.8796466973886329,0.8681573498964804,7,1,uniform,ball_tree,euclidean,4,14,32(s),43(s),74(s),145(s),178(s),240(s),261,282.0,335.0,362(s),568(s),,,,,,
569,0.8667613927291347,0.859544513457557,11,1,uniform,ball_tree,euclidean,4,14,32(s),43(s),74(s),145(s),178(s),240(s),261,282.0,335.0,362(s),569(s),,,,,,
570,0.8796466973886329,0.8681573498964804,7,1,uniform,ball_tree,euclidean,4,14,32(s),43(s),74(s),145(s),178(s),240(s),261,282.0,335.0,362(s),570(s),,,,,,
571,0.8689016897081412,0.8624016563146997,9,1,uniform,ball_tree,euclidean,4,14,32(s),43(s),74(s),145(s),178(s),240(s),261,282.0,335.0,362(s),567(s),571.0,,,,,
572,1.0,0.7993788819875777,1,1,uniform,ball_tree,euclidean,4,14,32(s),43(s),74(s),145(s),178(s),240(s),261,282.0,335.0,362(s),567(s),572.0,,,,,
573,0.8875320020481311,0.8337474120082817,4,1,uniform,ball_tree,euclidean,4,14,32(s),43(s),74(s),145(s),178(s),240(s),261,282.0,335.0,362(s),573(s),,,,,,
574,0.8796466973886329,0.8681573498964804,7,1,uniform,ball_tree,euclidean,4,14,32(s),43(s),74(s),145(s),178(s),240(s),261,282.0,335.0,362(s),574(s),,,,,,
575,0.8753533026113672,0.8738716356107661,8,1,uniform,ball_tree,euclidean,4,14,32(s),43(s),74(s),145(s),178(s),240(s),261,282.0,335.0,362(s),575(s),,,,,,
576,0.8796466973886329,0.8681573498964804,7,1,uniform,ball_tree,euclidean,4,14,32(s),43(s),74(s),145(s),178(s),240(s),261,282.0,335.0,362(s),576(s),,,,,,
577,0.8796466973886329,0.8681573498964804,7,1,uniform,ball_tree,euclidean,4,14,32(s),43(s),74(s),145(s),178(s),240(s),261,282.0,335.0,362(s),577(s),,,,,,
578,0.8667613927291347,0.859544513457557,11,1,uniform,ball_tree,euclidean,4,14,32(s),43(s),74(s),145(s),178(s),240(s),261,282.0,335.0,362(s),578(s),,,,,,
579,0.8717639528929851,0.8681573498964804,10,1,uniform,ball_tree,euclidean,4,14,32(s),43(s),74(s),145(s),178(s),240(s),261,282.0,335.0,362(s),579(s),,,,,,
580,0.897567844342038,0.8595859213250516,5,1,uniform,ball_tree,euclidean,4,14,32(s),43(s),74(s),145(s),178(s),240(s),261,282.0,335.0,362(s),580(s),,,,,,
581,0.8689016897081412,0.8624016563146997,9,1,uniform,ball_tree,euclidean,4,14,32(s),43(s),74(s),145(s),178(s),240(s),261,282.0,335.0,362(s),581(s),,,,,,
582,0.899720942140297,0.8452173913043477,3,1,uniform,ball_tree,euclidean,4,14,32(s),43(s),74(s),145(s),178(s),240(s),261,282.0,335.0,362(s),577(s),582.0,,,,,
583,0.8631822836661547,0.8566459627329192,13,1,uniform,ball_tree,euclidean,4,14,32(s),43(s),74(s),145(s),178(s),240(s),261,282.0,335.0,362(s),577(s),583.0,,,,,
584,0.8932667690732208,0.8594616977225673,6,1,uniform,ball_tree,euclidean,4,14,32(s),43(s),74(s),145(s),178(s),240(s),261,282.0,335.0,362(s),584(s),,,,,,
585,0.8689016897081412,0.8624016563146997,9,1,uniform,ball_tree,euclidean,4,14,32(s),43(s),74(s),145(s),178(s),240(s),261,282.0,335.0,362(s),585(s),,,,,,
586,0.8753533026113672,0.8738716356107661,8,1,uniform,ball_tree,euclidean,4,14,32(s),43(s),74(s),145(s),178(s),240(s),261,282.0,335.0,362(s),586(s),,,,,,
587,0.8703379416282642,0.8537888198757763,12,1,uniform,ball_tree,euclidean,4,14,32(s),43(s),74(s),145(s),178(s),240(s),261,282.0,335.0,362(s),581(s),587.0,,,,,
588,0.8624628776241678,0.8538302277432711,15,1,uniform,ball_tree,euclidean,4,14,32(s),43(s),74(s),145(s),178(s),240(s),261,282.0,335.0,362(s),581(s),588.0,,,,,
589,0.899720942140297,0.8452173913043477,3,1,uniform,ball_tree,euclidean,4,14,32(s),43(s),74(s),145(s),178(s),240(s),261,282.0,335.0,362(s),580(s),589.0,,,,,
590,0.899720942140297,0.8452173913043477,3,1,uniform,ball_tree,euclidean,4,14,32(s),43(s),74(s),145(s),178(s),240(s),261,282.0,335.0,362(s),580(s),590.0,,,,,
591,0.8753533026113672,0.8738716356107661,8,1,uniform,ball_tree,euclidean,4,14,32(s),43(s),74(s),145(s),178(s),240(s),261,282.0,335.0,362(s),591(s),,,,,,
592,0.8717639528929851,0.8681573498964804,10,1,uniform,ball_tree,euclidean,4,14,32(s),43(s),74(s),145(s),178(s),240(s),261,282.0,335.0,362(s),592(s),,,,,,
593,0.8717639528929851,0.8681573498964804,10,1,uniform,ball_tree,euclidean,4,14,32(s),43(s),74(s),145(s),178(s),240(s),261,282.0,335.0,362(s),593(s),,,,,,
594,0.8689016897081412,0.8624016563146997,9,1,uniform,ball_tree,euclidean,4,14,32(s),43(s),74(s),145(s),178(s),240(s),261,282.0,335.0,362(s),594(s),,,,,,
595,0.897567844342038,0.8595859213250516,5,1,uniform,ball_tree,euclidean,4,14,32(s),43(s),74(s),145(s),178(s),240(s),261,282.0,335.0,362(s),595(s),,,,,,
596,0.8717639528929851,0.8681573498964804,10,1,uniform,ball_tree,euclidean,4,14,32(s),43(s),74(s),145(s),178(s),240(s),261,282.0,335.0,362(s),596(s),,,,,,
597,0.8753533026113672,0.8738716356107661,8,1,uniform,ball_tree,euclidean,4,14,32(s),43(s),74(s),145(s),178(s),240(s),261,282.0,335.0,362(s),591(s),597.0,,,,,
598,0.8875320020481311,0.8337474120082817,4,1,uniform,ball_tree,euclidean,4,14,32(s),43(s),74(s),145(s),178(s),240(s),261,282.0,335.0,362(s),591(s),598.0,,,,,
599,0.8667613927291347,0.859544513457557,11,1,uniform,ball_tree,euclidean,4,14,32(s),43(s),74(s),145(s),178(s),240(s),261,282.0,335.0,362(s),593(s),599.0,,,,,
